INSERT INTO metabase_table (id,created_at,updated_at,"name",description,entity_type,active,db_id,display_name,visibility_type,"schema",points_of_interest,caveats,show_in_getting_started,field_order,initial_sync_status,is_upload,database_require_filter) VALUES
	 (9,'2024-06-11 14:29:05.858198+02','2024-06-12 00:59:22.11011+02','dim_rideable_type',NULL,'entity/GenericTable',true,2,'Rideable Type',NULL,'dwh_core',NULL,NULL,false,'database','complete',false,NULL),
	 (10,'2024-06-11 14:29:05.893789+02','2024-06-12 00:59:22.11011+02','dim_date',NULL,'entity/GenericTable',true,2,'Date',NULL,'dwh_core',NULL,NULL,false,'database','complete',false,NULL),
	 (11,'2024-06-11 14:29:05.919251+02','2024-06-12 00:59:22.11011+02','fct_rides',NULL,'entity/GenericTable',true,2,'Rides',NULL,'dwh_core',NULL,NULL,false,'database','complete',false,NULL);
INSERT INTO metabase_field (id,created_at,updated_at,"name",base_type,semantic_type,active,description,preview_display,"position",table_id,parent_id,display_name,visibility_type,fk_target_field_id,last_analyzed,points_of_interest,caveats,fingerprint,fingerprint_version,database_type,has_field_values,settings,database_position,custom_position,effective_type,coercion_strategy,nfc_path,database_required,json_unfolding,database_is_auto_increment,database_indexed,database_partitioned) VALUES
	 (75,'2024-06-12 00:37:26.187311+02','2024-06-12 00:37:28.461152+02','weekday_iso','type/Integer','type/Category',true,NULL,true,6,10,NULL,'Weekday Iso','normal',NULL,'2024-06-12 00:37:28.461152+02',NULL,NULL,'{"global":{"distinct-count":7,"nil%":0.0},"type":{"type/Number":{"min":1.0,"q1":2.249501197259292,"q3":5.749733759318424,"max":7.0,"sd":2.0001521086057643,"avg":3.9996957712199572}}}',5,'int4','auto-list',NULL,6,0,'type/Integer',NULL,NULL,false,false,false,NULL,NULL),
	 (76,'2024-06-12 00:37:26.187311+02','2024-06-12 00:37:28.461152+02','weekday_name','type/Text','type/Category',true,NULL,true,7,10,NULL,'Weekday Name','normal',NULL,'2024-06-12 00:37:28.461152+02',NULL,NULL,'{"global":{"distinct-count":7,"nil%":0.0},"type":{"type/Text":{"percent-json":0.0,"percent-url":0.0,"percent-email":0.0,"percent-state":0.0,"average-length":9.0}}}',5,'text','auto-list',NULL,7,0,'type/Text',NULL,NULL,false,false,false,NULL,NULL),
	 (77,'2024-06-12 00:37:26.187311+02','2024-06-12 00:37:28.461152+02','year','type/Integer','type/Category',true,NULL,true,2,10,NULL,'Year','normal',NULL,'2024-06-12 00:37:28.461152+02',NULL,NULL,'{"global":{"distinct-count":18,"nil%":0.0},"type":{"type/Number":{"min":2013.0,"q1":2017.0,"q3":2026.0,"max":2030.0,"sd":5.188131128689841,"avg":2021.5003042287801}}}',5,'int4','auto-list',NULL,2,0,'type/Integer',NULL,NULL,false,false,false,NULL,NULL),
	 (78,'2024-06-12 00:37:26.187311+02','2024-06-12 00:37:28.461152+02','month','type/Integer','type/Category',true,NULL,true,3,10,NULL,'Month','normal',NULL,'2024-06-12 00:37:28.461152+02',NULL,NULL,'{"global":{"distinct-count":12,"nil%":0.0},"type":{"type/Number":{"min":1.0,"q1":3.5396432500646267,"q3":9.518664598715468,"max":12.0,"sd":3.44887105741937,"avg":6.523273501673258}}}',5,'int4','auto-list',NULL,3,0,'type/Integer',NULL,NULL,false,false,false,NULL,NULL),
	 (79,'2024-06-12 00:37:26.187311+02','2024-06-12 00:37:28.461152+02','week_of_year','type/Integer',NULL,true,NULL,true,10,10,NULL,'Week Of Year','normal',NULL,'2024-06-12 00:37:28.461152+02',NULL,NULL,'{"global":{"distinct-count":53,"nil%":0.0},"type":{"type/Number":{"min":1.0,"q1":13.535714285714286,"q3":39.62301587301587,"max":53.0,"sd":15.062083649464066,"avg":26.58077274110131}}}',5,'int4','auto-list',NULL,10,0,'type/Integer',NULL,NULL,false,false,false,NULL,NULL),
	 (80,'2024-06-12 00:37:26.187311+02','2024-06-12 00:37:28.461152+02','weekday_indicator','type/Text','type/Category',true,NULL,true,9,10,NULL,'Weekday Indicator','normal',NULL,'2024-06-12 00:37:28.461152+02',NULL,NULL,'{"global":{"distinct-count":2,"nil%":0.0},"type":{"type/Text":{"percent-json":0.0,"percent-url":0.0,"percent-email":0.0,"percent-state":0.0,"average-length":7.0}}}',5,'text','auto-list',NULL,9,0,'type/Text',NULL,NULL,false,false,false,NULL,NULL),
	 (81,'2024-06-12 00:37:26.187311+02','2024-06-12 00:37:28.461152+02','day','type/Integer',NULL,true,NULL,true,4,10,NULL,'Day','normal',NULL,'2024-06-12 00:37:28.461152+02',NULL,NULL,'{"global":{"distinct-count":31,"nil%":0.0},"type":{"type/Number":{"min":1.0,"q1":8.108796296296296,"q3":23.32638888888889,"max":31.0,"sd":8.800334974744898,"avg":15.728627928202007}}}',5,'int4','auto-list',NULL,4,0,'type/Integer',NULL,NULL,false,false,false,NULL,NULL),
	 (82,'2024-06-12 00:37:26.187311+02','2024-06-12 00:37:28.461152+02','id','type/Integer','type/PK',true,NULL,true,0,10,NULL,'ID','normal',NULL,'2024-06-12 00:37:28.461152+02',NULL,NULL,NULL,5,'int4',NULL,NULL,0,0,'type/Integer',NULL,NULL,false,false,false,NULL,NULL),
	 (83,'2024-06-12 00:37:26.187311+02','2024-06-12 00:37:28.461152+02','quarter','type/Integer','type/Category',true,NULL,true,5,10,NULL,'Quarter','normal',NULL,'2024-06-12 00:37:28.461152+02',NULL,NULL,'{"global":{"distinct-count":4,"nil%":0.0},"type":{"type/Number":{"min":1.0,"q1":1.510882385662642,"q3":3.507548309178744,"max":4.0,"sd":1.117132515462843,"avg":2.508670520231214}}}',5,'int4','auto-list',NULL,5,0,'type/Integer',NULL,NULL,false,false,false,NULL,NULL),
	 (84,'2024-06-12 00:37:26.187311+02','2024-06-12 00:37:28.461152+02','month_name','type/Text','type/Category',true,NULL,true,8,10,NULL,'Month Name','normal',NULL,'2024-06-12 00:37:28.461152+02',NULL,NULL,'{"global":{"distinct-count":12,"nil%":0.0},"type":{"type/Text":{"percent-json":0.0,"percent-url":0.0,"percent-email":0.0,"percent-state":0.0,"average-length":9.0}}}',5,'text','auto-list',NULL,8,0,'type/Text',NULL,NULL,false,false,false,NULL,NULL);
INSERT INTO metabase_field (id,created_at,updated_at,"name",base_type,semantic_type,active,description,preview_display,"position",table_id,parent_id,display_name,visibility_type,fk_target_field_id,last_analyzed,points_of_interest,caveats,fingerprint,fingerprint_version,database_type,has_field_values,settings,database_position,custom_position,effective_type,coercion_strategy,nfc_path,database_required,json_unfolding,database_is_auto_increment,database_indexed,database_partitioned) VALUES
	 (88,'2024-06-12 00:37:26.243893+02','2024-06-12 00:37:28.461152+02','ride_id','type/Text',NULL,true,NULL,true,0,11,NULL,'Ride ID','normal',NULL,'2024-06-12 00:37:28.461152+02',NULL,NULL,'{"global":{"distinct-count":9999,"nil%":0.0},"type":{"type/Text":{"percent-json":0.0,"percent-url":0.0,"percent-email":0.0,"percent-state":0.0,"average-length":16.0}}}',5,'varchar',NULL,NULL,0,0,'type/Text',NULL,NULL,false,false,false,NULL,NULL),
	 (72,'2024-06-12 00:37:26.137082+02','2024-06-12 00:37:28.461152+02','id','type/BigInteger','type/PK',true,NULL,true,0,9,NULL,'ID','normal',NULL,'2024-06-12 00:37:28.461152+02',NULL,NULL,NULL,5,'int8',NULL,NULL,0,0,'type/BigInteger',NULL,NULL,false,false,false,NULL,NULL),
	 (73,'2024-06-12 00:37:26.137082+02','2024-06-12 00:37:28.461152+02','name','type/Text','type/Name',true,NULL,true,1,9,NULL,'Name','normal',NULL,'2024-06-12 00:37:28.461152+02',NULL,NULL,'{"global":{"distinct-count":1,"nil%":0.0},"type":{"type/Text":{"percent-json":0.0,"percent-url":0.0,"percent-email":0.0,"percent-state":0.0,"average-length":11.0}}}',5,'varchar','auto-list',NULL,1,0,'type/Text',NULL,NULL,false,false,false,NULL,NULL),
	 (87,'2024-06-12 00:37:26.243893+02','2024-06-12 00:40:22.329128+02','started_at_date_fk','type/Integer','type/FK',true,NULL,true,2,11,NULL,'Started At Date Fk','normal',82,'2024-06-12 00:37:28.461152+02',NULL,NULL,'{"global":{"distinct-count":30,"nil%":0.0},"type":{"type/Number":{"min":2.0200401E7,"q1":2.020040781861735E7,"q3":2.020042241651664E7,"max":2.020043E7,"sd":8.442526565873605,"avg":2.02004154591E7}}}',5,'int4','auto-list',NULL,2,0,'type/Integer',NULL,NULL,false,false,false,NULL,NULL),
	 (85,'2024-06-12 00:37:26.243893+02','2024-06-12 00:40:39.247891+02','rideable_type_fk','type/BigInteger','type/FK',true,NULL,true,1,11,NULL,'Rideable Type Fk','normal',72,'2024-06-12 00:37:28.461152+02',NULL,NULL,'{"global":{"distinct-count":1,"nil%":0.0},"type":{"type/Number":{"min":1.0,"q1":1.0,"q3":1.0,"max":1.0,"sd":0.0,"avg":1.0}}}',5,'int8','auto-list',NULL,1,0,'type/BigInteger',NULL,NULL,false,false,false,NULL,NULL),
	 (86,'2024-06-12 00:37:26.243893+02','2024-06-12 00:40:30.480456+02','ended_at_date_fk','type/Integer','type/FK',true,NULL,true,3,11,NULL,'Ended At Date Fk','normal',82,'2024-06-12 00:37:28.461152+02',NULL,NULL,'{"global":{"distinct-count":33,"nil%":0.0},"type":{"type/Number":{"min":2.0200401E7,"q1":2.0200407837128814E7,"q3":2.020042242893076E7,"max":2.0200504E7,"sd":8.655728840148322,"avg":2.02004155071E7}}}',5,'int4','auto-list',NULL,3,0,'type/Integer',NULL,NULL,false,false,false,NULL,NULL),
	 (74,'2024-06-12 00:37:26.187311+02','2024-06-12 01:02:58.565324+02','date_day','type/Date','type/CreationDate',true,NULL,true,1,10,NULL,'Date Day','normal',NULL,'2024-06-12 00:37:28.461152+02',NULL,NULL,'{"global":{"distinct-count":6574,"nil%":0.0},"type":{"type/DateTime":{"earliest":"2013-01-01","latest":"2030-12-31"}}}',5,'date',NULL,NULL,1,0,'type/Date',NULL,NULL,false,false,false,NULL,NULL);
INSERT INTO collection (id,"name",description,archived,"location",personal_owner_id,slug,"namespace",authority_level,entity_id,created_at,"type") VALUES
	 (2,'Divvy',NULL,false,'/',NULL,'divvy',NULL,NULL,'q624FTvToFvdoo_LDqC1R','2024-06-12 01:05:44.315239+02',NULL);
INSERT INTO report_dashboard (id,created_at,updated_at,"name",description,creator_id,parameters,points_of_interest,caveats,show_in_getting_started,public_uuid,made_public_by_id,enable_embedding,embedding_params,archived,"position",collection_id,collection_position,cache_ttl,entity_id,auto_apply_filters,width,initially_published_at) VALUES
	 (1,'2024-06-12 01:05:58.826217+02','2024-06-14 01:54:24.278524+02','Divvy postgres',NULL,1,'[{"name":"Year","slug":"year","id":"3251aba3","type":"string/=","sectionId":"string"},{"name":"Month","slug":"month","id":"5fe50bd6","type":"string/=","sectionId":"string"}]',NULL,NULL,false,NULL,NULL,false,NULL,false,NULL,2,NULL,NULL,'NOrofcTbucTPssNzYKUxD',true,'fixed',NULL);
INSERT INTO report_card (id,created_at,updated_at,"name",description,display,dataset_query,visualization_settings,creator_id,database_id,table_id,query_type,archived,collection_id,public_uuid,made_public_by_id,enable_embedding,embedding_params,cache_ttl,result_metadata,collection_position,dataset,entity_id,parameters,parameter_mappings,collection_preview,metabase_version,"type",initially_published_at) VALUES
	 (2,'2024-06-12 02:22:13.599077+02','2024-06-14 11:58:56.09383+02','Number of rides vs weekday',NULL,'bar','{"database":2,"type":"query","query":{"source-table":11,"aggregation":[["count"]],"breakout":[["field",76,{"base-type":"type/Text","source-field":87}],["field",75,{"base-type":"type/Integer","source-field":87}]],"order-by":[["asc",["field",75,{"base-type":"type/Integer","source-field":87}]]],"joins":[{"fields":"all","alias":"Date - Started At Date Fk","condition":["=",["field",87,{"base-type":"type/Integer"}],["field",82,{"base-type":"type/Integer","join-alias":"Date - Started At Date Fk"}]],"source-table":10}]}}','{"graph.dimensions":["weekday_name"],"graph.metrics":["count"]}',1,2,11,'query',false,2,NULL,NULL,false,NULL,NULL,'[{"description":null,"semantic_type":"type/Category","coercion_strategy":null,"name":"weekday_name","settings":null,"fk_target_field_id":null,"field_ref":["field",76,{"base-type":"type/Text","source-field":87}],"effective_type":"type/Text","id":76,"visibility_type":"normal","display_name":"Started At Date Fk → Weekday Name","fingerprint":{"global":{"distinct-count":7,"nil%":0.0},"type":{"type/Text":{"percent-json":0.0,"percent-url":0.0,"percent-email":0.0,"percent-state":0.0,"average-length":9.0}}},"base_type":"type/Text"},{"description":null,"semantic_type":"type/Category","coercion_strategy":null,"name":"weekday_iso","settings":null,"fk_target_field_id":null,"field_ref":["field",75,{"base-type":"type/Integer","source-field":87}],"effective_type":"type/Integer","id":75,"visibility_type":"normal","display_name":"Started At Date Fk → Weekday Iso","fingerprint":{"global":{"distinct-count":7,"nil%":0.0},"type":{"type/Number":{"min":1.0,"q1":2.249501197259292,"q3":5.749733759318424,"max":7.0,"sd":2.0001521086057643,"avg":3.9996957712199572}}},"base_type":"type/Integer"},{"display_name":"Count","semantic_type":"type/Quantity","field_ref":["aggregation",0],"name":"count","base_type":"type/BigInteger","effective_type":"type/BigInteger","fingerprint":{"global":{"distinct-count":7,"nil%":0.0},"type":{"type/Number":{"min":17120.0,"q1":18156.25,"q3":23027.0,"max":26337.0,"sd":3258.740846517548,"avg":20922.285714285714}}}}]',NULL,false,'VSOZRtrYaFRIdWUO-LJ6L','[]','[]',true,'v0.49.3 (dba0992)','question',NULL),
	 (1,'2024-06-12 02:20:38.981095+02','2024-06-14 11:58:56.326593+02','Number of rides over time',NULL,'line','{"database":2,"type":"query","query":{"source-table":11,"aggregation":[["count"]],"breakout":[["field",74,{"base-type":"type/Date","temporal-unit":"day","source-field":87}]],"joins":[{"fields":"all","alias":"Date - Started At Date Fk","condition":["=",["field",87,{"base-type":"type/Integer"}],["field",82,{"base-type":"type/Integer","join-alias":"Date - Started At Date Fk"}]],"source-table":10}]}}','{"graph.dimensions":["date_day"],"graph.metrics":["count"]}',1,2,11,'query',false,2,NULL,NULL,false,NULL,NULL,'[{"description":null,"semantic_type":"type/CreationDate","coercion_strategy":null,"unit":"day","name":"date_day","settings":null,"fk_target_field_id":null,"field_ref":["field",74,{"base-type":"type/Date","temporal-unit":"day","source-field":87}],"effective_type":"type/Date","id":74,"visibility_type":"normal","display_name":"Started At Date Fk → Date Day","fingerprint":{"global":{"distinct-count":6574,"nil%":0.0},"type":{"type/DateTime":{"earliest":"2013-01-01","latest":"2030-12-31"}}},"base_type":"type/Date"},{"display_name":"Count","semantic_type":"type/Quantity","field_ref":["aggregation",0],"name":"count","base_type":"type/BigInteger","effective_type":"type/BigInteger","fingerprint":{"global":{"distinct-count":59,"nil%":0.0},"type":{"type/Number":{"min":284.0,"q1":1250.25,"q3":3404.5,"max":7287.0,"sd":1411.344043373834,"avg":2482.3050847457625}}}}]',NULL,false,'7OxYna3w8H42gmJKE_j-d','[]','[]',true,'v0.49.3 (dba0992)','question',NULL),
	 (3,'2024-06-12 02:49:30.907402+02','2024-06-14 11:58:56.100578+02','Number of rides vs month',NULL,'bar','{"database":2,"type":"query","query":{"source-table":11,"aggregation":[["count"]],"breakout":[["field",84,{"base-type":"type/Text","source-field":87}],["field",78,{"base-type":"type/Integer","source-field":87}]],"order-by":[["asc",["field",78,{"base-type":"type/Integer","source-field":87}]]],"joins":[{"fields":"all","alias":"Date - Started At Date Fk","condition":["=",["field",87,{"base-type":"type/Integer"}],["field",82,{"base-type":"type/Integer","join-alias":"Date - Started At Date Fk"}]],"source-table":10}]}}','{"graph.dimensions":["month_name"],"graph.series_order_dimension":null,"graph.series_order":null,"graph.metrics":["count"]}',1,2,11,'query',false,2,NULL,NULL,false,NULL,NULL,'[{"description":null,"semantic_type":"type/Category","coercion_strategy":null,"name":"month_name","settings":null,"fk_target_field_id":null,"field_ref":["field",84,{"base-type":"type/Text","source-field":87}],"effective_type":"type/Text","id":84,"visibility_type":"normal","display_name":"Started At Date Fk → Month Name","fingerprint":{"global":{"distinct-count":12,"nil%":0.0},"type":{"type/Text":{"percent-json":0.0,"percent-url":0.0,"percent-email":0.0,"percent-state":0.0,"average-length":9.0}}},"base_type":"type/Text"},{"description":null,"semantic_type":"type/Category","coercion_strategy":null,"name":"month","settings":null,"fk_target_field_id":null,"field_ref":["field",78,{"base-type":"type/Integer","source-field":87}],"effective_type":"type/Integer","id":78,"visibility_type":"normal","display_name":"Started At Date Fk → Month","fingerprint":{"global":{"distinct-count":12,"nil%":0.0},"type":{"type/Number":{"min":1.0,"q1":3.5396432500646267,"q3":9.518664598715468,"max":12.0,"sd":3.44887105741937,"avg":6.523273501673258}}},"base_type":"type/Integer"},{"display_name":"Count","semantic_type":"type/Quantity","field_ref":["aggregation",0],"name":"count","base_type":"type/BigInteger","effective_type":"type/BigInteger","fingerprint":{"global":{"distinct-count":2,"nil%":0.0},"type":{"type/Number":{"min":49622.0,"q1":49622.0,"q3":96834.0,"max":96834.0,"sd":33383.92535337928,"avg":73228.0}}}}]',NULL,false,'A3WaWWerXkGr-dz6eEJ16','[]','[]',true,'v0.49.3 (dba0992)','question',NULL);
INSERT INTO report_dashboardcard (id,created_at,updated_at,size_x,size_y,"row",col,card_id,dashboard_id,parameter_mappings,visualization_settings,entity_id,action_id,dashboard_tab_id) VALUES
	 (1,'2024-06-12 02:20:46.786021+02','2024-06-14 01:54:24.278524+02',24,6,0,0,1,1,'[{"parameter_id":"3251aba3","card_id":1,"target":["dimension",["field",77,{"base-type":"type/Integer","join-alias":"Date - Started At Date Fk"}]]},{"parameter_id":"5fe50bd6","card_id":1,"target":["dimension",["field",84,{"base-type":"type/Text","join-alias":"Date - Started At Date Fk"}]]}]','{}','La6nBIYhiEgNpDIjuK60G',NULL,NULL),
	 (2,'2024-06-12 02:22:20.755973+02','2024-06-14 01:54:24.278524+02',12,6,6,12,2,1,'[{"parameter_id":"3251aba3","card_id":2,"target":["dimension",["field",77,{"base-type":"type/Integer","join-alias":"Date - Started At Date Fk"}]]},{"parameter_id":"5fe50bd6","card_id":2,"target":["dimension",["field",84,{"base-type":"type/Text","join-alias":"Date - Started At Date Fk"}]]}]','{}','znjCb2Mt_IXUL5xmGF_tD',NULL,NULL),
	 (4,'2024-06-12 03:10:27.241818+02','2024-06-14 01:54:24.278524+02',12,6,6,0,3,1,'[{"parameter_id":"3251aba3","card_id":3,"target":["dimension",["field",77,{"base-type":"type/Integer","join-alias":"Date - Started At Date Fk"}]]},{"parameter_id":"5fe50bd6","card_id":3,"target":["dimension",["field",84,{"base-type":"type/Text","join-alias":"Date - Started At Date Fk"}]]}]','{}','dTFKNKlyJI5C-7LwU9QWJ',NULL,NULL);
