INSERT INTO metabase_table (id,created_at,updated_at,"name",description,entity_type,active,db_id,display_name,visibility_type,"schema",points_of_interest,caveats,show_in_getting_started,field_order,initial_sync_status,is_upload,database_require_filter) VALUES
	 (9,'2024-06-11 14:29:05.858198+02','2024-06-19 02:16:30.971509+02','dim_rideable_type',NULL,'entity/GenericTable',true,2,'Rideable Type',NULL,'dwh_core',NULL,NULL,false,'database','complete',false,NULL),
	 (12,'2024-06-16 03:31:25.747505+02','2024-06-19 02:16:30.971509+02','dim_time_of_day',NULL,'entity/GenericTable',true,2,'Time Of Day',NULL,'dwh_core',NULL,NULL,false,'database','complete',false,NULL),
	 (10,'2024-06-11 14:29:05.893789+02','2024-06-19 02:16:30.971509+02','dim_date',NULL,'entity/GenericTable',true,2,'Date',NULL,'dwh_core',NULL,NULL,false,'database','complete',false,NULL),
	 (11,'2024-06-11 14:29:05.919251+02','2024-06-19 02:16:30.971509+02','fct_rides',NULL,'entity/GenericTable',true,2,'Rides',NULL,'dwh_core',NULL,NULL,false,'database','complete',false,NULL),
	 (14,'2024-06-19 01:55:11.678496+02','2024-06-19 02:16:30.971509+02','dim_rent_type',NULL,'entity/GenericTable',true,2,'Rent Type',NULL,'dwh_core',NULL,NULL,false,'database','complete',false,NULL),
	 (13,'2024-06-19 01:55:11.648286+02','2024-06-19 02:16:30.971509+02','dim_station',NULL,'entity/GenericTable',true,2,'Station',NULL,'dwh_core',NULL,NULL,false,'database','complete',false,NULL);
INSERT INTO metabase_field (id,created_at,updated_at,"name",base_type,semantic_type,active,description,preview_display,"position",table_id,parent_id,display_name,visibility_type,fk_target_field_id,last_analyzed,points_of_interest,caveats,fingerprint,fingerprint_version,database_type,has_field_values,settings,database_position,custom_position,effective_type,coercion_strategy,nfc_path,database_required,json_unfolding,database_is_auto_increment,database_indexed,database_partitioned) VALUES
	 (93,'2024-06-16 04:04:10.741288+02','2024-06-19 01:55:12.08826+02','end_lat','type/Float','type/Latitude',true,NULL,true,10,11,NULL,'End Lat','normal',NULL,'2024-06-16 04:04:11.514026+02',NULL,NULL,'{"global":{"distinct-count":2878,"nil%":0.0013},"type":{"type/Number":{"min":41.68,"q1":41.88245904333142,"q3":41.93119777931498,"max":42.064854,"sd":0.046465881882911765,"avg":41.90304013708457}}}',5,'float8',NULL,NULL,10,0,'type/Float',NULL,NULL,false,false,false,NULL,NULL),
	 (102,'2024-06-19 01:55:12.125128+02','2024-06-19 01:56:45.692869+02','station_pk','type/Text','type/PK',true,NULL,true,0,13,NULL,'Station Pk','normal',NULL,'2024-06-19 01:55:14.235335+02',NULL,NULL,'{"global":{"distinct-count":656,"nil%":0.0},"type":{"type/Text":{"percent-json":0.0,"percent-url":0.0,"percent-email":0.0,"percent-state":0.0,"average-length":31.954268292682926}}}',5,'text','auto-list',NULL,0,0,'type/Text',NULL,NULL,false,false,false,NULL,NULL),
	 (90,'2024-06-16 03:37:46.261338+02','2024-06-16 03:39:30.303628+02','started_at_time_of_day_fk','type/Integer','type/FK',true,NULL,true,4,11,NULL,'Started At Time Of Day Fk','normal',92,'2024-06-16 03:37:46.878377+02',NULL,NULL,'{"global":{"distinct-count":24,"nil%":0.0},"type":{"type/Number":{"min":0.0,"q1":11.091631629210989,"q3":16.935401665018567,"max":23.0,"sd":4.447990284584397,"avg":13.7533}}}',5,'int4','auto-list',NULL,4,0,'type/Integer',NULL,NULL,false,false,false,NULL,NULL),
	 (89,'2024-06-16 03:37:46.261338+02','2024-06-16 03:39:40.094988+02','ended_at_time_of_day_fk','type/Integer','type/FK',true,NULL,true,5,11,NULL,'Ended At Time Of Day Fk','normal',92,'2024-06-16 03:37:46.878377+02',NULL,NULL,'{"global":{"distinct-count":24,"nil%":0.0},"type":{"type/Number":{"min":0.0,"q1":11.323877040543673,"q3":17.14571419043549,"max":23.0,"sd":4.472977039104856,"avg":13.9346}}}',5,'int4','auto-list',NULL,5,0,'type/Integer',NULL,NULL,false,false,false,NULL,NULL),
	 (98,'2024-06-19 01:55:12.014544+02','2024-06-19 02:13:33.590038+02','start_station_fk','type/Text','type/FK',true,NULL,true,6,11,NULL,'Start Station Fk','normal',102,'2024-06-19 01:55:14.235335+02',NULL,NULL,'{"global":{"distinct-count":541,"nil%":0.0},"type":{"type/Text":{"percent-json":0.0,"percent-url":0.0,"percent-email":0.0,"percent-state":0.0,"average-length":29.54}}}',5,'text','auto-list',NULL,6,0,'type/Text',NULL,NULL,false,false,false,NULL,NULL),
	 (103,'2024-06-19 01:55:12.181608+02','2024-06-19 01:55:14.235335+02','id','type/BigInteger','type/PK',true,NULL,true,0,14,NULL,'ID','normal',NULL,'2024-06-19 01:55:14.235335+02',NULL,NULL,NULL,5,'int8',NULL,NULL,0,0,'type/BigInteger',NULL,NULL,false,false,false,NULL,NULL),
	 (104,'2024-06-19 01:55:12.181608+02','2024-06-19 01:55:14.235335+02','name','type/Text','type/Name',true,NULL,true,1,14,NULL,'Name','normal',NULL,'2024-06-19 01:55:14.235335+02',NULL,NULL,'{"global":{"distinct-count":2,"nil%":0.0},"type":{"type/Text":{"percent-json":0.0,"percent-url":0.0,"percent-email":0.0,"percent-state":0.0,"average-length":6.0}}}',5,'varchar','auto-list',NULL,1,0,'type/Text',NULL,NULL,false,false,false,NULL,NULL),
	 (101,'2024-06-19 01:55:12.125128+02','2024-06-19 01:57:08.848619+02','name','type/Text','type/Name',true,NULL,true,2,13,NULL,'Name','normal',NULL,'2024-06-19 01:55:14.235335+02',NULL,NULL,'{"global":{"distinct-count":656,"nil%":0.0},"type":{"type/Text":{"percent-json":0.0,"percent-url":0.0,"percent-email":0.0,"percent-state":0.0,"average-length":23.490853658536587}}}',5,'varchar','auto-list',NULL,2,0,'type/Text',NULL,NULL,false,false,false,NULL,NULL),
	 (91,'2024-06-16 03:37:55.215048+02','2024-06-16 03:37:55.779895+02','time_of_day_label','type/Text','type/Category',true,NULL,true,1,12,NULL,'Time Of Day Label','normal',NULL,'2024-06-16 03:37:55.779895+02',NULL,NULL,'{"global":{"distinct-count":4,"nil%":0.0},"type":{"type/Text":{"percent-json":0.0,"percent-url":0.0,"percent-email":0.0,"percent-state":0.0,"average-length":7.0}}}',5,'text','auto-list',NULL,1,0,'type/Text',NULL,NULL,false,false,false,NULL,NULL),
	 (92,'2024-06-16 03:37:55.215048+02','2024-06-16 03:39:16.174046+02','time_of_day_hour','type/Integer','type/PK',true,NULL,true,0,12,NULL,'Time Of Day Hour','normal',NULL,'2024-06-16 03:37:55.779895+02',NULL,NULL,'{"global":{"distinct-count":24,"nil%":0.0},"type":{"type/Number":{"min":0.0,"q1":5.5,"q3":17.5,"max":23.0,"sd":7.0710678118654755,"avg":11.5}}}',5,'int4','auto-list',NULL,0,0,'type/Integer',NULL,NULL,false,false,false,NULL,NULL);
INSERT INTO metabase_field (id,created_at,updated_at,"name",base_type,semantic_type,active,description,preview_display,"position",table_id,parent_id,display_name,visibility_type,fk_target_field_id,last_analyzed,points_of_interest,caveats,fingerprint,fingerprint_version,database_type,has_field_values,settings,database_position,custom_position,effective_type,coercion_strategy,nfc_path,database_required,json_unfolding,database_is_auto_increment,database_indexed,database_partitioned) VALUES
	 (100,'2024-06-19 01:55:12.125128+02','2024-06-19 01:55:14.235335+02','id','type/Text','type/PK',true,NULL,true,1,13,NULL,'ID','normal',NULL,'2024-06-19 01:55:14.235335+02',NULL,NULL,NULL,5,'varchar',NULL,NULL,1,0,'type/Text',NULL,NULL,false,false,false,NULL,NULL),
	 (99,'2024-06-19 01:55:12.014544+02','2024-06-19 02:13:44.997491+02','end_station_fk','type/Text','type/FK',true,NULL,true,7,11,NULL,'End Station Fk','normal',100,'2024-06-19 01:55:14.235335+02',NULL,NULL,'{"global":{"distinct-count":530,"nil%":0.0},"type":{"type/Text":{"percent-json":0.0,"percent-url":0.0,"percent-email":0.0,"percent-state":0.0,"average-length":28.928}}}',5,'text','auto-list',NULL,7,0,'type/Text',NULL,NULL,false,false,false,NULL,NULL),
	 (94,'2024-06-16 04:04:10.741288+02','2024-06-19 01:55:12.055871+02','end_lng','type/Float','type/Longitude',true,NULL,true,11,11,NULL,'End Lng','normal',NULL,'2024-06-16 04:04:11.514026+02',NULL,NULL,'{"global":{"distinct-count":2871,"nil%":0.0013},"type":{"type/Number":{"min":-87.774446,"q1":-87.66136222166664,"q3":-87.62968824112457,"max":-87.53481388092041,"sd":0.02653074444593018,"avg":-87.64677038804705}}}',5,'float8',NULL,NULL,11,0,'type/Float',NULL,NULL,false,false,false,NULL,NULL),
	 (95,'2024-06-16 04:04:10.741288+02','2024-06-19 01:55:12.070417+02','start_lat','type/Float','type/Latitude',true,NULL,true,8,11,NULL,'Start Lat','normal',NULL,'2024-06-16 04:04:11.514026+02',NULL,NULL,'{"global":{"distinct-count":3049,"nil%":0.0},"type":{"type/Number":{"min":41.68,"q1":41.88236476402309,"q3":41.93041340737823,"max":42.064854,"sd":0.046257671504609986,"avg":41.9027919484119}}}',5,'float8',NULL,NULL,8,0,'type/Float',NULL,NULL,false,false,false,NULL,NULL),
	 (96,'2024-06-16 04:04:10.741288+02','2024-06-19 01:55:12.078712+02','start_lng','type/Float','type/Longitude',true,NULL,true,9,11,NULL,'Start Lng','normal',NULL,'2024-06-16 04:04:11.514026+02',NULL,NULL,'{"global":{"distinct-count":3035,"nil%":0.0},"type":{"type/Number":{"min":-87.774446,"q1":-87.66053961201675,"q3":-87.62970772824151,"max":-87.52823173999786,"sd":0.026489383816151887,"avg":-87.64637279140966}}}',5,'float8',NULL,NULL,9,0,'type/Float',NULL,NULL,false,false,false,NULL,NULL),
	 (97,'2024-06-19 01:55:12.014544+02','2024-06-19 02:03:28.898522+02','rent_type_fk','type/BigInteger','type/FK',true,NULL,true,12,11,NULL,'Rent Type Fk','normal',103,'2024-06-19 01:55:14.235335+02',NULL,NULL,'{"global":{"distinct-count":2,"nil%":0.0},"type":{"type/Number":{"min":1.0,"q1":1.4321834509047793,"q3":2.0,"max":2.0,"sd":0.40739978824091927,"avg":1.7899}}}',5,'int8','auto-list',NULL,12,0,'type/BigInteger',NULL,NULL,false,false,false,NULL,NULL),
	 (75,'2024-06-12 00:37:26.187311+02','2024-06-12 00:37:28.461152+02','weekday_iso','type/Integer','type/Category',true,NULL,true,6,10,NULL,'Weekday Iso','normal',NULL,'2024-06-12 00:37:28.461152+02',NULL,NULL,'{"global":{"distinct-count":7,"nil%":0.0},"type":{"type/Number":{"min":1.0,"q1":2.249501197259292,"q3":5.749733759318424,"max":7.0,"sd":2.0001521086057643,"avg":3.9996957712199572}}}',5,'int4','auto-list',NULL,6,0,'type/Integer',NULL,NULL,false,false,false,NULL,NULL),
	 (76,'2024-06-12 00:37:26.187311+02','2024-06-12 00:37:28.461152+02','weekday_name','type/Text','type/Category',true,NULL,true,7,10,NULL,'Weekday Name','normal',NULL,'2024-06-12 00:37:28.461152+02',NULL,NULL,'{"global":{"distinct-count":7,"nil%":0.0},"type":{"type/Text":{"percent-json":0.0,"percent-url":0.0,"percent-email":0.0,"percent-state":0.0,"average-length":9.0}}}',5,'text','auto-list',NULL,7,0,'type/Text',NULL,NULL,false,false,false,NULL,NULL),
	 (77,'2024-06-12 00:37:26.187311+02','2024-06-12 00:37:28.461152+02','year','type/Integer','type/Category',true,NULL,true,2,10,NULL,'Year','normal',NULL,'2024-06-12 00:37:28.461152+02',NULL,NULL,'{"global":{"distinct-count":18,"nil%":0.0},"type":{"type/Number":{"min":2013.0,"q1":2017.0,"q3":2026.0,"max":2030.0,"sd":5.188131128689841,"avg":2021.5003042287801}}}',5,'int4','auto-list',NULL,2,0,'type/Integer',NULL,NULL,false,false,false,NULL,NULL),
	 (78,'2024-06-12 00:37:26.187311+02','2024-06-12 00:37:28.461152+02','month','type/Integer','type/Category',true,NULL,true,3,10,NULL,'Month','normal',NULL,'2024-06-12 00:37:28.461152+02',NULL,NULL,'{"global":{"distinct-count":12,"nil%":0.0},"type":{"type/Number":{"min":1.0,"q1":3.5396432500646267,"q3":9.518664598715468,"max":12.0,"sd":3.44887105741937,"avg":6.523273501673258}}}',5,'int4','auto-list',NULL,3,0,'type/Integer',NULL,NULL,false,false,false,NULL,NULL);
INSERT INTO metabase_field (id,created_at,updated_at,"name",base_type,semantic_type,active,description,preview_display,"position",table_id,parent_id,display_name,visibility_type,fk_target_field_id,last_analyzed,points_of_interest,caveats,fingerprint,fingerprint_version,database_type,has_field_values,settings,database_position,custom_position,effective_type,coercion_strategy,nfc_path,database_required,json_unfolding,database_is_auto_increment,database_indexed,database_partitioned) VALUES
	 (79,'2024-06-12 00:37:26.187311+02','2024-06-12 00:37:28.461152+02','week_of_year','type/Integer',NULL,true,NULL,true,10,10,NULL,'Week Of Year','normal',NULL,'2024-06-12 00:37:28.461152+02',NULL,NULL,'{"global":{"distinct-count":53,"nil%":0.0},"type":{"type/Number":{"min":1.0,"q1":13.535714285714286,"q3":39.62301587301587,"max":53.0,"sd":15.062083649464066,"avg":26.58077274110131}}}',5,'int4','auto-list',NULL,10,0,'type/Integer',NULL,NULL,false,false,false,NULL,NULL),
	 (80,'2024-06-12 00:37:26.187311+02','2024-06-12 00:37:28.461152+02','weekday_indicator','type/Text','type/Category',true,NULL,true,9,10,NULL,'Weekday Indicator','normal',NULL,'2024-06-12 00:37:28.461152+02',NULL,NULL,'{"global":{"distinct-count":2,"nil%":0.0},"type":{"type/Text":{"percent-json":0.0,"percent-url":0.0,"percent-email":0.0,"percent-state":0.0,"average-length":7.0}}}',5,'text','auto-list',NULL,9,0,'type/Text',NULL,NULL,false,false,false,NULL,NULL),
	 (81,'2024-06-12 00:37:26.187311+02','2024-06-12 00:37:28.461152+02','day','type/Integer',NULL,true,NULL,true,4,10,NULL,'Day','normal',NULL,'2024-06-12 00:37:28.461152+02',NULL,NULL,'{"global":{"distinct-count":31,"nil%":0.0},"type":{"type/Number":{"min":1.0,"q1":8.108796296296296,"q3":23.32638888888889,"max":31.0,"sd":8.800334974744898,"avg":15.728627928202007}}}',5,'int4','auto-list',NULL,4,0,'type/Integer',NULL,NULL,false,false,false,NULL,NULL),
	 (82,'2024-06-12 00:37:26.187311+02','2024-06-12 00:37:28.461152+02','id','type/Integer','type/PK',true,NULL,true,0,10,NULL,'ID','normal',NULL,'2024-06-12 00:37:28.461152+02',NULL,NULL,NULL,5,'int4',NULL,NULL,0,0,'type/Integer',NULL,NULL,false,false,false,NULL,NULL),
	 (83,'2024-06-12 00:37:26.187311+02','2024-06-12 00:37:28.461152+02','quarter','type/Integer','type/Category',true,NULL,true,5,10,NULL,'Quarter','normal',NULL,'2024-06-12 00:37:28.461152+02',NULL,NULL,'{"global":{"distinct-count":4,"nil%":0.0},"type":{"type/Number":{"min":1.0,"q1":1.510882385662642,"q3":3.507548309178744,"max":4.0,"sd":1.117132515462843,"avg":2.508670520231214}}}',5,'int4','auto-list',NULL,5,0,'type/Integer',NULL,NULL,false,false,false,NULL,NULL),
	 (84,'2024-06-12 00:37:26.187311+02','2024-06-12 00:37:28.461152+02','month_name','type/Text','type/Category',true,NULL,true,8,10,NULL,'Month Name','normal',NULL,'2024-06-12 00:37:28.461152+02',NULL,NULL,'{"global":{"distinct-count":12,"nil%":0.0},"type":{"type/Text":{"percent-json":0.0,"percent-url":0.0,"percent-email":0.0,"percent-state":0.0,"average-length":9.0}}}',5,'text','auto-list',NULL,8,0,'type/Text',NULL,NULL,false,false,false,NULL,NULL),
	 (72,'2024-06-12 00:37:26.137082+02','2024-06-12 00:37:28.461152+02','id','type/BigInteger','type/PK',true,NULL,true,0,9,NULL,'ID','normal',NULL,'2024-06-12 00:37:28.461152+02',NULL,NULL,NULL,5,'int8',NULL,NULL,0,0,'type/BigInteger',NULL,NULL,false,false,false,NULL,NULL),
	 (73,'2024-06-12 00:37:26.137082+02','2024-06-12 00:37:28.461152+02','name','type/Text','type/Name',true,NULL,true,1,9,NULL,'Name','normal',NULL,'2024-06-12 00:37:28.461152+02',NULL,NULL,'{"global":{"distinct-count":1,"nil%":0.0},"type":{"type/Text":{"percent-json":0.0,"percent-url":0.0,"percent-email":0.0,"percent-state":0.0,"average-length":11.0}}}',5,'varchar','auto-list',NULL,1,0,'type/Text',NULL,NULL,false,false,false,NULL,NULL),
	 (87,'2024-06-12 00:37:26.243893+02','2024-06-12 00:40:22.329128+02','started_at_date_fk','type/Integer','type/FK',true,NULL,true,2,11,NULL,'Started At Date Fk','normal',82,'2024-06-12 00:37:28.461152+02',NULL,NULL,'{"global":{"distinct-count":30,"nil%":0.0},"type":{"type/Number":{"min":2.0200401E7,"q1":2.020040781861735E7,"q3":2.020042241651664E7,"max":2.020043E7,"sd":8.442526565873605,"avg":2.02004154591E7}}}',5,'int4','auto-list',NULL,2,0,'type/Integer',NULL,NULL,false,false,false,NULL,NULL),
	 (85,'2024-06-12 00:37:26.243893+02','2024-06-12 00:40:39.247891+02','rideable_type_fk','type/BigInteger','type/FK',true,NULL,true,1,11,NULL,'Rideable Type Fk','normal',72,'2024-06-12 00:37:28.461152+02',NULL,NULL,'{"global":{"distinct-count":1,"nil%":0.0},"type":{"type/Number":{"min":1.0,"q1":1.0,"q3":1.0,"max":1.0,"sd":0.0,"avg":1.0}}}',5,'int8','auto-list',NULL,1,0,'type/BigInteger',NULL,NULL,false,false,false,NULL,NULL);
INSERT INTO metabase_field (id,created_at,updated_at,"name",base_type,semantic_type,active,description,preview_display,"position",table_id,parent_id,display_name,visibility_type,fk_target_field_id,last_analyzed,points_of_interest,caveats,fingerprint,fingerprint_version,database_type,has_field_values,settings,database_position,custom_position,effective_type,coercion_strategy,nfc_path,database_required,json_unfolding,database_is_auto_increment,database_indexed,database_partitioned) VALUES
	 (86,'2024-06-12 00:37:26.243893+02','2024-06-12 00:40:30.480456+02','ended_at_date_fk','type/Integer','type/FK',true,NULL,true,3,11,NULL,'Ended At Date Fk','normal',82,'2024-06-12 00:37:28.461152+02',NULL,NULL,'{"global":{"distinct-count":33,"nil%":0.0},"type":{"type/Number":{"min":2.0200401E7,"q1":2.0200407837128814E7,"q3":2.020042242893076E7,"max":2.0200504E7,"sd":8.655728840148322,"avg":2.02004155071E7}}}',5,'int4','auto-list',NULL,3,0,'type/Integer',NULL,NULL,false,false,false,NULL,NULL),
	 (74,'2024-06-12 00:37:26.187311+02','2024-06-12 01:02:58.565324+02','date_day','type/Date','type/CreationDate',true,NULL,true,1,10,NULL,'Date Day','normal',NULL,'2024-06-12 00:37:28.461152+02',NULL,NULL,'{"global":{"distinct-count":6574,"nil%":0.0},"type":{"type/DateTime":{"earliest":"2013-01-01","latest":"2030-12-31"}}}',5,'date',NULL,NULL,1,0,'type/Date',NULL,NULL,false,false,false,NULL,NULL),
	 (88,'2024-06-12 00:37:26.243893+02','2024-06-19 02:13:16.801758+02','ride_id','type/Text','type/PK',true,NULL,true,0,11,NULL,'Ride ID','normal',NULL,'2024-06-12 00:37:28.461152+02',NULL,NULL,'{"global":{"distinct-count":9999,"nil%":0.0},"type":{"type/Text":{"percent-json":0.0,"percent-url":0.0,"percent-email":0.0,"percent-state":0.0,"average-length":16.0}}}',5,'varchar',NULL,NULL,0,0,'type/Text',NULL,NULL,false,false,false,NULL,NULL);
INSERT INTO collection (id,"name",description,archived,"location",personal_owner_id,slug,"namespace",authority_level,entity_id,created_at,"type") VALUES
	 (2,'Divvy',NULL,false,'/',NULL,'divvy',NULL,NULL,'q624FTvToFvdoo_LDqC1R','2024-06-12 01:05:44.315239+02',NULL);
INSERT INTO report_dashboard (id,created_at,updated_at,"name",description,creator_id,parameters,points_of_interest,caveats,show_in_getting_started,public_uuid,made_public_by_id,enable_embedding,embedding_params,archived,"position",collection_id,collection_position,cache_ttl,entity_id,auto_apply_filters,width,initially_published_at) VALUES
	 (1,'2024-06-12 01:05:58.826217+02','2024-06-19 04:38:35.869444+02','Divvy postgres',NULL,1,'[{"name":"Year","slug":"year","id":"3251aba3","type":"string/=","sectionId":"string"},{"name":"Month","slug":"month","id":"5fe50bd6","type":"string/=","sectionId":"string"}]',NULL,NULL,false,NULL,NULL,false,NULL,false,NULL,2,NULL,NULL,'NOrofcTbucTPssNzYKUxD',true,'fixed',NULL);
INSERT INTO report_card (id,created_at,updated_at,"name",description,display,dataset_query,visualization_settings,creator_id,database_id,table_id,query_type,archived,collection_id,public_uuid,made_public_by_id,enable_embedding,embedding_params,cache_ttl,result_metadata,collection_position,dataset,entity_id,parameters,parameter_mappings,collection_preview,metabase_version,"type",initially_published_at) VALUES
	 (1,'2024-06-12 02:20:38.981095+02','2024-06-19 02:45:13.499403+02','Number of rides over time',NULL,'line','{"database":2,"type":"query","query":{"aggregation":[["count"]],"breakout":[["field",74,{"base-type":"type/Date","temporal-unit":"day","source-field":87}]],"source-table":"card__9"}}','{"graph.dimensions":["date_day"],"graph.metrics":["count"],"graph.x_axis.title_text":"Date"}',1,2,11,'query',false,2,NULL,NULL,false,NULL,NULL,'[{"description":null,"semantic_type":"type/CreationDate","table_id":10,"coercion_strategy":null,"unit":"day","name":"date_day","settings":null,"source":"breakout","fk_target_field_id":null,"fk_field_id":87,"field_ref":["field",74,{"base-type":"type/Date","temporal-unit":"day","source-field":87}],"effective_type":"type/Date","nfc_path":null,"parent_id":null,"id":74,"position":1,"visibility_type":"normal","display_name":"Started At Date Fk → Date Day","fingerprint":{"global":{"distinct-count":6574,"nil%":0.0},"type":{"type/DateTime":{"earliest":"2013-01-01","latest":"2030-12-31"}}},"base_type":"type/Date","source_alias":"dim_date__via__started_at_date_fk"},{"base_type":"type/Integer","name":"count","display_name":"Count","semantic_type":"type/Quantity","source":"aggregation","field_ref":["aggregation",0],"aggregation_index":0}]',NULL,false,'7OxYna3w8H42gmJKE_j-d','[]','[]',true,'v0.49.3 (dba0992)','question',NULL),
	 (2,'2024-06-12 02:22:13.599077+02','2024-06-19 03:04:44.037709+02','Number of rides vs weekday',NULL,'bar','{"database":2,"type":"query","query":{"aggregation":[["count"]],"breakout":[["field",76,{"base-type":"type/Text","source-field":87}],["field",75,{"base-type":"type/Integer","source-field":87}]],"order-by":[["asc",["field",75,{"base-type":"type/Integer","source-field":87}]]],"source-table":"card__9"}}','{"graph.dimensions":["weekday_name"],"graph.metrics":["count"],"graph.x_axis.title_text":"Weekday Name"}',1,2,11,'query',false,2,NULL,NULL,false,NULL,NULL,'[{"description":null,"semantic_type":"type/Category","table_id":10,"coercion_strategy":null,"name":"weekday_name","settings":null,"source":"breakout","fk_target_field_id":null,"fk_field_id":87,"field_ref":["field",76,{"base-type":"type/Text","source-field":87}],"effective_type":"type/Text","nfc_path":null,"parent_id":null,"id":76,"position":7,"visibility_type":"normal","display_name":"Started At Date Fk → Weekday Name","fingerprint":{"global":{"distinct-count":7,"nil%":0.0},"type":{"type/Text":{"percent-json":0.0,"percent-url":0.0,"percent-email":0.0,"percent-state":0.0,"average-length":9.0}}},"base_type":"type/Text","source_alias":"dim_date__via__started_at_date_fk"},{"description":null,"semantic_type":"type/Category","table_id":10,"coercion_strategy":null,"name":"weekday_iso","settings":null,"source":"breakout","fk_target_field_id":null,"fk_field_id":87,"field_ref":["field",75,{"base-type":"type/Integer","source-field":87}],"effective_type":"type/Integer","nfc_path":null,"parent_id":null,"id":75,"position":6,"visibility_type":"normal","display_name":"Started At Date Fk → Weekday Iso","fingerprint":{"global":{"distinct-count":7,"nil%":0.0},"type":{"type/Number":{"min":1.0,"q1":2.249501197259292,"q3":5.749733759318424,"max":7.0,"sd":2.0001521086057643,"avg":3.9996957712199572}}},"base_type":"type/Integer","source_alias":"dim_date__via__started_at_date_fk"},{"base_type":"type/Integer","name":"count","display_name":"Count","semantic_type":"type/Quantity","source":"aggregation","field_ref":["aggregation",0],"aggregation_index":0}]',NULL,false,'VSOZRtrYaFRIdWUO-LJ6L','[]','[]',true,'v0.49.3 (dba0992)','question',NULL),
	 (3,'2024-06-12 02:49:30.907402+02','2024-06-19 03:02:23.722359+02','Number of rides vs month',NULL,'bar','{"database":2,"type":"query","query":{"aggregation":[["count"]],"breakout":[["field",78,{"base-type":"type/Integer","source-field":87}],["field",84,{"base-type":"type/Text","source-field":87}]],"order-by":[["asc",["field",78,{"base-type":"type/Integer","source-field":87}]]],"source-table":"card__9"}}','{"graph.dimensions":["month_name"],"graph.series_order_dimension":null,"graph.series_order":null,"graph.metrics":["count"],"graph.x_axis.title_text":"Month"}',1,2,11,'query',false,2,NULL,NULL,false,NULL,NULL,'[{"description":null,"semantic_type":"type/Category","table_id":10,"coercion_strategy":null,"name":"month","settings":null,"source":"breakout","fk_target_field_id":null,"fk_field_id":87,"field_ref":["field",78,{"base-type":"type/Integer","source-field":87}],"effective_type":"type/Integer","nfc_path":null,"parent_id":null,"id":78,"position":3,"visibility_type":"normal","display_name":"Started At Date Fk → Month","fingerprint":{"global":{"distinct-count":12,"nil%":0.0},"type":{"type/Number":{"min":1.0,"q1":3.5396432500646267,"q3":9.518664598715468,"max":12.0,"sd":3.44887105741937,"avg":6.523273501673258}}},"base_type":"type/Integer","source_alias":"dim_date__via__started_at_date_fk"},{"description":null,"semantic_type":"type/Category","table_id":10,"coercion_strategy":null,"name":"month_name","settings":null,"source":"breakout","fk_target_field_id":null,"fk_field_id":87,"field_ref":["field",84,{"base-type":"type/Text","source-field":87}],"effective_type":"type/Text","nfc_path":null,"parent_id":null,"id":84,"position":8,"visibility_type":"normal","display_name":"Started At Date Fk → Month Name","fingerprint":{"global":{"distinct-count":12,"nil%":0.0},"type":{"type/Text":{"percent-json":0.0,"percent-url":0.0,"percent-email":0.0,"percent-state":0.0,"average-length":9.0}}},"base_type":"type/Text","source_alias":"dim_date__via__started_at_date_fk"},{"base_type":"type/Integer","name":"count","display_name":"Count","semantic_type":"type/Quantity","source":"aggregation","field_ref":["aggregation",0],"aggregation_index":0}]',NULL,false,'A3WaWWerXkGr-dz6eEJ16','[]','[]',true,'v0.49.3 (dba0992)','question',NULL),
	 (5,'2024-06-16 04:17:15.72854+02','2024-06-16 23:20:53.710917+02','Number of rides by starting position',NULL,'map','{"database":2,"type":"native","native":{"template-tags":{},"collection":"fct_rides","query":"SELECT\n  (\n    FLOOR(((\"dwh_core\".\"fct_rides\".\"start_lat\" - 41.6) / 0.01)) * 0.01\n  ) + 41.6 AS \"start_lat\",\n  (\n    FLOOR(((\"dwh_core\".\"fct_rides\".\"start_lng\" - -87.9) / 0.01)) * 0.01\n  ) + -87.9 AS \"start_lng\",\n  COUNT(*) AS \"count\"\nFROM\n  \"dwh_core\".\"fct_rides\"\nGROUP BY\n  (\n    FLOOR(((\"dwh_core\".\"fct_rides\".\"start_lat\" - 41.6) / 0.01)) * 0.01\n  ) + 41.6,\n  (\n    FLOOR(((\"dwh_core\".\"fct_rides\".\"start_lng\" - -87.9) / 0.01)) * 0.01\n  ) + -87.9\nORDER BY\n  (\n    FLOOR(((\"dwh_core\".\"fct_rides\".\"start_lat\" - 41.6) / 0.01)) * 0.01\n  ) + 41.6 ASC,\n  (\n    FLOOR(((\"dwh_core\".\"fct_rides\".\"start_lng\" - -87.9) / 0.01)) * 0.01\n  ) + -87.9 ASC"}}','{"map.type":"grid","table.cell_column":"start_lat","map.latitude_column":"start_lat","map.longitude_column":"start_lng","map.metric_column":"count"}',1,2,11,'native',true,2,NULL,NULL,false,NULL,NULL,'[{"display_name":"start_lat","field_ref":["field","start_lat",{"base-type":"type/Float"}],"name":"start_lat","base_type":"type/Float","effective_type":"type/Float","semantic_type":"type/Latitude","fingerprint":{"global":{"distinct-count":43,"nil%":0.0},"type":{"type/Number":{"min":41.63,"q1":41.754881154157154,"q3":41.925579506366375,"max":42.06,"sd":0.10283956337505144,"avg":41.844556650246304}}}},{"display_name":"start_lng","field_ref":["field","start_lng",{"base-type":"type/Float"}],"name":"start_lng","base_type":"type/Float","effective_type":"type/Float","semantic_type":"type/Longitude","fingerprint":{"global":{"distinct-count":26,"nil%":0.0},"type":{"type/Number":{"min":-87.78,"q1":-87.6969538708087,"q3":-87.62543315113129,"max":-87.53,"sd":0.05248935971502957,"avg":-87.66041871921183}}}},{"display_name":"count","field_ref":["field","count",{"base-type":"type/BigInteger"}],"name":"count","base_type":"type/BigInteger","effective_type":"type/BigInteger","semantic_type":"type/Quantity","fingerprint":{"global":{"distinct-count":196,"nil%":0.0},"type":{"type/Number":{"min":1.0,"q1":8.209666878151092,"q3":230.47891822510283,"max":8973.0,"sd":932.1104140672802,"avg":360.72906403940885}}}}]',NULL,false,'9LmvtaOaJMhUIY8Owiu5c','[]','[]',true,'v0.49.3 (dba0992)','question',NULL),
	 (4,'2024-06-16 04:00:02.148221+02','2024-06-19 03:07:21.740081+02','Number of rides vs time of day',NULL,'row','{"database":2,"type":"query","query":{"aggregation":[["count"]],"breakout":[["field",91,{"base-type":"type/Text","source-field":90}]],"order-by":[["desc",["aggregation",0]]],"source-table":"card__9"}}','{"graph.dimensions":["time_of_day_label"],"graph.metrics":["count"],"graph.x_axis.title_text":"Time Of Day"}',1,2,11,'query',false,2,NULL,NULL,false,NULL,NULL,'[{"description":null,"semantic_type":"type/Category","table_id":12,"coercion_strategy":null,"name":"time_of_day_label","settings":null,"source":"breakout","fk_target_field_id":null,"fk_field_id":90,"field_ref":["field",91,{"base-type":"type/Text","source-field":90}],"effective_type":"type/Text","nfc_path":null,"parent_id":null,"id":91,"position":1,"visibility_type":"normal","display_name":"Started At Time Of Day Fk → Time Of Day Label","fingerprint":{"global":{"distinct-count":4,"nil%":0.0},"type":{"type/Text":{"percent-json":0.0,"percent-url":0.0,"percent-email":0.0,"percent-state":0.0,"average-length":7.0}}},"base_type":"type/Text","source_alias":"dim_time_of_day__via__started_at_time_of_day_fk"},{"base_type":"type/Integer","name":"count","display_name":"Count","semantic_type":"type/Quantity","source":"aggregation","field_ref":["aggregation",0],"aggregation_index":0}]',NULL,false,'XoXWrguaKxdhn-ocxA5eB','[]','[]',true,'v0.49.3 (dba0992)','question',NULL),
	 (9,'2024-06-19 02:25:04.842407+02','2024-06-19 02:53:44.416901+02','Rides  join all',NULL,'table','{"database":2,"type":"query","query":{"source-table":11,"joins":[{"fields":"all","alias":"Date - Started At Date Fk","condition":["=",["field",87,{"base-type":"type/Integer"}],["field",82,{"base-type":"type/Integer","join-alias":"Date - Started At Date Fk"}]],"source-table":10},{"fields":"all","alias":"Date - Started At Date Fk_2","condition":["=",["field",86,{"base-type":"type/Integer"}],["field",82,{"base-type":"type/Integer","join-alias":"Date - Started At Date Fk_2"}]],"source-table":10},{"fields":"all","alias":"Time Of Day - Started At Time Of Day Fk","condition":["=",["field",90,{"base-type":"type/Integer"}],["field",92,{"base-type":"type/Integer","join-alias":"Time Of Day - Started At Time Of Day Fk"}]],"source-table":12},{"fields":"all","alias":"Time Of Day - Started At Time Of Day Fk_2","condition":["=",["field",89,{"base-type":"type/Integer"}],["field",92,{"base-type":"type/Integer","join-alias":"Time Of Day - Started At Time Of Day Fk_2"}]],"source-table":12},{"fields":"all","alias":"Rideable Type - Rideable Type Fk","condition":["=",["field",85,{"base-type":"type/BigInteger"}],["field",72,{"base-type":"type/BigInteger","join-alias":"Rideable Type - Rideable Type Fk"}]],"source-table":9},{"fields":"all","alias":"Rent Type - Rent Type Fk","condition":["=",["field",97,{"base-type":"type/BigInteger"}],["field",103,{"base-type":"type/BigInteger","join-alias":"Rent Type - Rent Type Fk"}]],"source-table":14},{"fields":"all","alias":"Station - Start Station Fk","condition":["=",["field",98,{"base-type":"type/Text"}],["field",102,{"base-type":"type/Text","join-alias":"Station - Start Station Fk"}]],"source-table":13},{"fields":"all","alias":"Station - Start Station Fk_2","condition":["=",["field",99,{"base-type":"type/Text"}],["field",102,{"base-type":"type/Text","join-alias":"Station - Start Station Fk_2"}]],"source-table":13}]}}','{"table.pivot_column":"year","table.cell_column":"start_lat"}',1,2,11,'query',false,2,NULL,NULL,false,NULL,NULL,'[{"description":null,"semantic_type":"type/PK","coercion_strategy":null,"name":"ride_id","settings":null,"fk_target_field_id":null,"field_ref":["field",88,null],"effective_type":"type/Text","id":88,"visibility_type":"normal","display_name":"Ride ID","fingerprint":{"global":{"distinct-count":9999,"nil%":0.0},"type":{"type/Text":{"percent-json":0.0,"percent-url":0.0,"percent-email":0.0,"percent-state":0.0,"average-length":16.0}}},"base_type":"type/Text"},{"description":null,"semantic_type":"type/FK","coercion_strategy":null,"name":"rideable_type_fk","settings":null,"fk_target_field_id":72,"field_ref":["field",85,null],"effective_type":"type/BigInteger","id":85,"visibility_type":"normal","display_name":"Rideable Type Fk","fingerprint":{"global":{"distinct-count":1,"nil%":0.0},"type":{"type/Number":{"min":1.0,"q1":1.0,"q3":1.0,"max":1.0,"sd":0.0,"avg":1.0}}},"base_type":"type/BigInteger"},{"description":null,"semantic_type":"type/FK","coercion_strategy":null,"name":"started_at_date_fk","settings":null,"fk_target_field_id":82,"field_ref":["field",87,null],"effective_type":"type/Integer","id":87,"visibility_type":"normal","display_name":"Started At Date Fk","fingerprint":{"global":{"distinct-count":30,"nil%":0.0},"type":{"type/Number":{"min":2.0200401E7,"q1":2.020040781861735E7,"q3":2.020042241651664E7,"max":2.020043E7,"sd":8.442526565873605,"avg":2.02004154591E7}}},"base_type":"type/Integer"},{"description":null,"semantic_type":"type/FK","coercion_strategy":null,"name":"ended_at_date_fk","settings":null,"fk_target_field_id":82,"field_ref":["field",86,null],"effective_type":"type/Integer","id":86,"visibility_type":"normal","display_name":"Ended At Date Fk","fingerprint":{"global":{"distinct-count":33,"nil%":0.0},"type":{"type/Number":{"min":2.0200401E7,"q1":2.0200407837128814E7,"q3":2.020042242893076E7,"max":2.0200504E7,"sd":8.655728840148322,"avg":2.02004155071E7}}},"base_type":"type/Integer"},{"description":null,"semantic_type":"type/FK","coercion_strategy":null,"name":"started_at_time_of_day_fk","settings":null,"fk_target_field_id":92,"field_ref":["field",90,null],"effective_type":"type/Integer","id":90,"visibility_type":"normal","display_name":"Started At Time Of Day Fk","fingerprint":{"global":{"distinct-count":24,"nil%":0.0},"type":{"type/Number":{"min":0.0,"q1":11.091631629210989,"q3":16.935401665018567,"max":23.0,"sd":4.447990284584397,"avg":13.7533}}},"base_type":"type/Integer"},{"description":null,"semantic_type":"type/FK","coercion_strategy":null,"name":"ended_at_time_of_day_fk","settings":null,"fk_target_field_id":92,"field_ref":["field",89,null],"effective_type":"type/Integer","id":89,"visibility_type":"normal","display_name":"Ended At Time Of Day Fk","fingerprint":{"global":{"distinct-count":24,"nil%":0.0},"type":{"type/Number":{"min":0.0,"q1":11.323877040543673,"q3":17.14571419043549,"max":23.0,"sd":4.472977039104856,"avg":13.9346}}},"base_type":"type/Integer"},{"description":null,"semantic_type":"type/FK","coercion_strategy":null,"name":"start_station_fk","settings":null,"fk_target_field_id":102,"field_ref":["field",98,null],"effective_type":"type/Text","id":98,"visibility_type":"normal","display_name":"Start Station Fk","fingerprint":{"global":{"distinct-count":541,"nil%":0.0},"type":{"type/Text":{"percent-json":0.0,"percent-url":0.0,"percent-email":0.0,"percent-state":0.0,"average-length":29.54}}},"base_type":"type/Text"},{"description":null,"semantic_type":"type/FK","coercion_strategy":null,"name":"end_station_fk","settings":null,"fk_target_field_id":100,"field_ref":["field",99,null],"effective_type":"type/Text","id":99,"visibility_type":"normal","display_name":"End Station Fk","fingerprint":{"global":{"distinct-count":530,"nil%":0.0},"type":{"type/Text":{"percent-json":0.0,"percent-url":0.0,"percent-email":0.0,"percent-state":0.0,"average-length":28.928}}},"base_type":"type/Text"},{"description":null,"semantic_type":"type/Latitude","coercion_strategy":null,"name":"start_lat","settings":null,"fk_target_field_id":null,"field_ref":["field",95,null],"effective_type":"type/Float","id":95,"visibility_type":"normal","display_name":"Start Lat","fingerprint":{"global":{"distinct-count":3049,"nil%":0.0},"type":{"type/Number":{"min":41.68,"q1":41.88236476402309,"q3":41.93041340737823,"max":42.064854,"sd":0.046257671504609986,"avg":41.9027919484119}}},"base_type":"type/Float"},{"description":null,"semantic_type":"type/Longitude","coercion_strategy":null,"name":"start_lng","settings":null,"fk_target_field_id":null,"field_ref":["field",96,null],"effective_type":"type/Float","id":96,"visibility_type":"normal","display_name":"Start Lng","fingerprint":{"global":{"distinct-count":3035,"nil%":0.0},"type":{"type/Number":{"min":-87.774446,"q1":-87.66053961201675,"q3":-87.62970772824151,"max":-87.52823173999786,"sd":0.026489383816151887,"avg":-87.64637279140966}}},"base_type":"type/Float"},{"description":null,"semantic_type":"type/Latitude","coercion_strategy":null,"name":"end_lat","settings":null,"fk_target_field_id":null,"field_ref":["field",93,null],"effective_type":"type/Float","id":93,"visibility_type":"normal","display_name":"End Lat","fingerprint":{"global":{"distinct-count":2878,"nil%":0.0013},"type":{"type/Number":{"min":41.68,"q1":41.88245904333142,"q3":41.93119777931498,"max":42.064854,"sd":0.046465881882911765,"avg":41.90304013708457}}},"base_type":"type/Float"},{"description":null,"semantic_type":"type/Longitude","coercion_strategy":null,"name":"end_lng","settings":null,"fk_target_field_id":null,"field_ref":["field",94,null],"effective_type":"type/Float","id":94,"visibility_type":"normal","display_name":"End Lng","fingerprint":{"global":{"distinct-count":2871,"nil%":0.0013},"type":{"type/Number":{"min":-87.774446,"q1":-87.66136222166664,"q3":-87.62968824112457,"max":-87.53481388092041,"sd":0.02653074444593018,"avg":-87.64677038804705}}},"base_type":"type/Float"},{"description":null,"semantic_type":"type/FK","coercion_strategy":null,"name":"rent_type_fk","settings":null,"fk_target_field_id":103,"field_ref":["field",97,null],"effective_type":"type/BigInteger","id":97,"visibility_type":"normal","display_name":"Rent Type Fk","fingerprint":{"global":{"distinct-count":2,"nil%":0.0},"type":{"type/Number":{"min":1.0,"q1":1.4321834509047793,"q3":2.0,"max":2.0,"sd":0.40739978824091927,"avg":1.7899}}},"base_type":"type/BigInteger"},{"description":null,"semantic_type":"type/PK","coercion_strategy":null,"name":"id","settings":null,"fk_target_field_id":null,"field_ref":["field",82,{"join-alias":"Date - Started At Date Fk"}],"effective_type":"type/Integer","id":82,"visibility_type":"normal","display_name":"Date - Started At Date Fk → ID","fingerprint":null,"base_type":"type/Integer"},{"description":null,"semantic_type":"type/CreationDate","coercion_strategy":null,"unit":"default","name":"date_day","settings":null,"fk_target_field_id":null,"field_ref":["field",74,{"temporal-unit":"default","join-alias":"Date - Started At Date Fk"}],"effective_type":"type/Date","id":74,"visibility_type":"normal","display_name":"Date - Started At Date Fk → Date Day","fingerprint":{"global":{"distinct-count":6574,"nil%":0.0},"type":{"type/DateTime":{"earliest":"2013-01-01","latest":"2030-12-31"}}},"base_type":"type/Date"},{"description":null,"semantic_type":"type/Category","coercion_strategy":null,"name":"year","settings":null,"fk_target_field_id":null,"field_ref":["field",77,{"join-alias":"Date - Started At Date Fk"}],"effective_type":"type/Integer","id":77,"visibility_type":"normal","display_name":"Date - Started At Date Fk → Year","fingerprint":{"global":{"distinct-count":18,"nil%":0.0},"type":{"type/Number":{"min":2013.0,"q1":2017.0,"q3":2026.0,"max":2030.0,"sd":5.188131128689841,"avg":2021.5003042287801}}},"base_type":"type/Integer"},{"description":null,"semantic_type":"type/Category","coercion_strategy":null,"name":"month","settings":null,"fk_target_field_id":null,"field_ref":["field",78,{"join-alias":"Date - Started At Date Fk"}],"effective_type":"type/Integer","id":78,"visibility_type":"normal","display_name":"Date - Started At Date Fk → Month","fingerprint":{"global":{"distinct-count":12,"nil%":0.0},"type":{"type/Number":{"min":1.0,"q1":3.5396432500646267,"q3":9.518664598715468,"max":12.0,"sd":3.44887105741937,"avg":6.523273501673258}}},"base_type":"type/Integer"},{"description":null,"semantic_type":null,"coercion_strategy":null,"name":"day","settings":null,"fk_target_field_id":null,"field_ref":["field",81,{"join-alias":"Date - Started At Date Fk"}],"effective_type":"type/Integer","id":81,"visibility_type":"normal","display_name":"Date - Started At Date Fk → Day","fingerprint":{"global":{"distinct-count":31,"nil%":0.0},"type":{"type/Number":{"min":1.0,"q1":8.108796296296296,"q3":23.32638888888889,"max":31.0,"sd":8.800334974744898,"avg":15.728627928202007}}},"base_type":"type/Integer"},{"description":null,"semantic_type":"type/Category","coercion_strategy":null,"name":"quarter","settings":null,"fk_target_field_id":null,"field_ref":["field",83,{"join-alias":"Date - Started At Date Fk"}],"effective_type":"type/Integer","id":83,"visibility_type":"normal","display_name":"Date - Started At Date Fk → Quarter","fingerprint":{"global":{"distinct-count":4,"nil%":0.0},"type":{"type/Number":{"min":1.0,"q1":1.510882385662642,"q3":3.507548309178744,"max":4.0,"sd":1.117132515462843,"avg":2.508670520231214}}},"base_type":"type/Integer"},{"description":null,"semantic_type":"type/Category","coercion_strategy":null,"name":"weekday_iso","settings":null,"fk_target_field_id":null,"field_ref":["field",75,{"join-alias":"Date - Started At Date Fk"}],"effective_type":"type/Integer","id":75,"visibility_type":"normal","display_name":"Date - Started At Date Fk → Weekday Iso","fingerprint":{"global":{"distinct-count":7,"nil%":0.0},"type":{"type/Number":{"min":1.0,"q1":2.249501197259292,"q3":5.749733759318424,"max":7.0,"sd":2.0001521086057643,"avg":3.9996957712199572}}},"base_type":"type/Integer"},{"description":null,"semantic_type":"type/Category","coercion_strategy":null,"name":"weekday_name","settings":null,"fk_target_field_id":null,"field_ref":["field",76,{"join-alias":"Date - Started At Date Fk"}],"effective_type":"type/Text","id":76,"visibility_type":"normal","display_name":"Date - Started At Date Fk → Weekday Name","fingerprint":{"global":{"distinct-count":7,"nil%":0.0},"type":{"type/Text":{"percent-json":0.0,"percent-url":0.0,"percent-email":0.0,"percent-state":0.0,"average-length":9.0}}},"base_type":"type/Text"},{"description":null,"semantic_type":"type/Category","coercion_strategy":null,"name":"month_name","settings":null,"fk_target_field_id":null,"field_ref":["field",84,{"join-alias":"Date - Started At Date Fk"}],"effective_type":"type/Text","id":84,"visibility_type":"normal","display_name":"Date - Started At Date Fk → Month Name","fingerprint":{"global":{"distinct-count":12,"nil%":0.0},"type":{"type/Text":{"percent-json":0.0,"percent-url":0.0,"percent-email":0.0,"percent-state":0.0,"average-length":9.0}}},"base_type":"type/Text"},{"description":null,"semantic_type":"type/Category","coercion_strategy":null,"name":"weekday_indicator","settings":null,"fk_target_field_id":null,"field_ref":["field",80,{"join-alias":"Date - Started At Date Fk"}],"effective_type":"type/Text","id":80,"visibility_type":"normal","display_name":"Date - Started At Date Fk → Weekday Indicator","fingerprint":{"global":{"distinct-count":2,"nil%":0.0},"type":{"type/Text":{"percent-json":0.0,"percent-url":0.0,"percent-email":0.0,"percent-state":0.0,"average-length":7.0}}},"base_type":"type/Text"},{"description":null,"semantic_type":null,"coercion_strategy":null,"name":"week_of_year","settings":null,"fk_target_field_id":null,"field_ref":["field",79,{"join-alias":"Date - Started At Date Fk"}],"effective_type":"type/Integer","id":79,"visibility_type":"normal","display_name":"Date - Started At Date Fk → Week Of Year","fingerprint":{"global":{"distinct-count":53,"nil%":0.0},"type":{"type/Number":{"min":1.0,"q1":13.535714285714286,"q3":39.62301587301587,"max":53.0,"sd":15.062083649464066,"avg":26.58077274110131}}},"base_type":"type/Integer"},{"description":null,"semantic_type":"type/PK","coercion_strategy":null,"name":"id_2","settings":null,"fk_target_field_id":null,"field_ref":["field",82,{"join-alias":"Date - Started At Date Fk_2"}],"effective_type":"type/Integer","id":82,"visibility_type":"normal","display_name":"Date - Started At Date Fk_2 → ID","fingerprint":null,"base_type":"type/Integer"},{"description":null,"semantic_type":"type/CreationDate","coercion_strategy":null,"unit":"default","name":"date_day_2","settings":null,"fk_target_field_id":null,"field_ref":["field",74,{"temporal-unit":"default","join-alias":"Date - Started At Date Fk_2"}],"effective_type":"type/Date","id":74,"visibility_type":"normal","display_name":"Date - Started At Date Fk_2 → Date Day","fingerprint":{"global":{"distinct-count":6574,"nil%":0.0},"type":{"type/DateTime":{"earliest":"2013-01-01","latest":"2030-12-31"}}},"base_type":"type/Date"},{"description":null,"semantic_type":"type/Category","coercion_strategy":null,"name":"year_2","settings":null,"fk_target_field_id":null,"field_ref":["field",77,{"join-alias":"Date - Started At Date Fk_2"}],"effective_type":"type/Integer","id":77,"visibility_type":"normal","display_name":"Date - Started At Date Fk_2 → Year","fingerprint":{"global":{"distinct-count":18,"nil%":0.0},"type":{"type/Number":{"min":2013.0,"q1":2017.0,"q3":2026.0,"max":2030.0,"sd":5.188131128689841,"avg":2021.5003042287801}}},"base_type":"type/Integer"},{"description":null,"semantic_type":"type/Category","coercion_strategy":null,"name":"month_2","settings":null,"fk_target_field_id":null,"field_ref":["field",78,{"join-alias":"Date - Started At Date Fk_2"}],"effective_type":"type/Integer","id":78,"visibility_type":"normal","display_name":"Date - Started At Date Fk_2 → Month","fingerprint":{"global":{"distinct-count":12,"nil%":0.0},"type":{"type/Number":{"min":1.0,"q1":3.5396432500646267,"q3":9.518664598715468,"max":12.0,"sd":3.44887105741937,"avg":6.523273501673258}}},"base_type":"type/Integer"},{"description":null,"semantic_type":null,"coercion_strategy":null,"name":"day_2","settings":null,"fk_target_field_id":null,"field_ref":["field",81,{"join-alias":"Date - Started At Date Fk_2"}],"effective_type":"type/Integer","id":81,"visibility_type":"normal","display_name":"Date - Started At Date Fk_2 → Day","fingerprint":{"global":{"distinct-count":31,"nil%":0.0},"type":{"type/Number":{"min":1.0,"q1":8.108796296296296,"q3":23.32638888888889,"max":31.0,"sd":8.800334974744898,"avg":15.728627928202007}}},"base_type":"type/Integer"},{"description":null,"semantic_type":"type/Category","coercion_strategy":null,"name":"quarter_2","settings":null,"fk_target_field_id":null,"field_ref":["field",83,{"join-alias":"Date - Started At Date Fk_2"}],"effective_type":"type/Integer","id":83,"visibility_type":"normal","display_name":"Date - Started At Date Fk_2 → Quarter","fingerprint":{"global":{"distinct-count":4,"nil%":0.0},"type":{"type/Number":{"min":1.0,"q1":1.510882385662642,"q3":3.507548309178744,"max":4.0,"sd":1.117132515462843,"avg":2.508670520231214}}},"base_type":"type/Integer"},{"description":null,"semantic_type":"type/Category","coercion_strategy":null,"name":"weekday_iso_2","settings":null,"fk_target_field_id":null,"field_ref":["field",75,{"join-alias":"Date - Started At Date Fk_2"}],"effective_type":"type/Integer","id":75,"visibility_type":"normal","display_name":"Date - Started At Date Fk_2 → Weekday Iso","fingerprint":{"global":{"distinct-count":7,"nil%":0.0},"type":{"type/Number":{"min":1.0,"q1":2.249501197259292,"q3":5.749733759318424,"max":7.0,"sd":2.0001521086057643,"avg":3.9996957712199572}}},"base_type":"type/Integer"},{"description":null,"semantic_type":"type/Category","coercion_strategy":null,"name":"weekday_name_2","settings":null,"fk_target_field_id":null,"field_ref":["field",76,{"join-alias":"Date - Started At Date Fk_2"}],"effective_type":"type/Text","id":76,"visibility_type":"normal","display_name":"Date - Started At Date Fk_2 → Weekday Name","fingerprint":{"global":{"distinct-count":7,"nil%":0.0},"type":{"type/Text":{"percent-json":0.0,"percent-url":0.0,"percent-email":0.0,"percent-state":0.0,"average-length":9.0}}},"base_type":"type/Text"},{"description":null,"semantic_type":"type/Category","coercion_strategy":null,"name":"month_name_2","settings":null,"fk_target_field_id":null,"field_ref":["field",84,{"join-alias":"Date - Started At Date Fk_2"}],"effective_type":"type/Text","id":84,"visibility_type":"normal","display_name":"Date - Started At Date Fk_2 → Month Name","fingerprint":{"global":{"distinct-count":12,"nil%":0.0},"type":{"type/Text":{"percent-json":0.0,"percent-url":0.0,"percent-email":0.0,"percent-state":0.0,"average-length":9.0}}},"base_type":"type/Text"},{"description":null,"semantic_type":"type/Category","coercion_strategy":null,"name":"weekday_indicator_2","settings":null,"fk_target_field_id":null,"field_ref":["field",80,{"join-alias":"Date - Started At Date Fk_2"}],"effective_type":"type/Text","id":80,"visibility_type":"normal","display_name":"Date - Started At Date Fk_2 → Weekday Indicator","fingerprint":{"global":{"distinct-count":2,"nil%":0.0},"type":{"type/Text":{"percent-json":0.0,"percent-url":0.0,"percent-email":0.0,"percent-state":0.0,"average-length":7.0}}},"base_type":"type/Text"},{"description":null,"semantic_type":null,"coercion_strategy":null,"name":"week_of_year_2","settings":null,"fk_target_field_id":null,"field_ref":["field",79,{"join-alias":"Date - Started At Date Fk_2"}],"effective_type":"type/Integer","id":79,"visibility_type":"normal","display_name":"Date - Started At Date Fk_2 → Week Of Year","fingerprint":{"global":{"distinct-count":53,"nil%":0.0},"type":{"type/Number":{"min":1.0,"q1":13.535714285714286,"q3":39.62301587301587,"max":53.0,"sd":15.062083649464066,"avg":26.58077274110131}}},"base_type":"type/Integer"},{"description":null,"semantic_type":"type/PK","coercion_strategy":null,"name":"time_of_day_hour","settings":null,"fk_target_field_id":null,"field_ref":["field",92,{"join-alias":"Time Of Day - Started At Time Of Day Fk"}],"effective_type":"type/Integer","id":92,"visibility_type":"normal","display_name":"Time Of Day - Started At Time Of Day Fk → Time Of Day Hour","fingerprint":{"global":{"distinct-count":24,"nil%":0.0},"type":{"type/Number":{"min":0.0,"q1":5.5,"q3":17.5,"max":23.0,"sd":7.0710678118654755,"avg":11.5}}},"base_type":"type/Integer"},{"description":null,"semantic_type":"type/Category","coercion_strategy":null,"name":"time_of_day_label","settings":null,"fk_target_field_id":null,"field_ref":["field",91,{"join-alias":"Time Of Day - Started At Time Of Day Fk"}],"effective_type":"type/Text","id":91,"visibility_type":"normal","display_name":"Time Of Day - Started At Time Of Day Fk → Time Of Day Label","fingerprint":{"global":{"distinct-count":4,"nil%":0.0},"type":{"type/Text":{"percent-json":0.0,"percent-url":0.0,"percent-email":0.0,"percent-state":0.0,"average-length":7.0}}},"base_type":"type/Text"},{"description":null,"semantic_type":"type/PK","coercion_strategy":null,"name":"time_of_day_hour_2","settings":null,"fk_target_field_id":null,"field_ref":["field",92,{"join-alias":"Time Of Day - Started At Time Of Day Fk_2"}],"effective_type":"type/Integer","id":92,"visibility_type":"normal","display_name":"Time Of Day - Started At Time Of Day Fk_2 → Time Of Day Hour","fingerprint":{"global":{"distinct-count":24,"nil%":0.0},"type":{"type/Number":{"min":0.0,"q1":5.5,"q3":17.5,"max":23.0,"sd":7.0710678118654755,"avg":11.5}}},"base_type":"type/Integer"},{"description":null,"semantic_type":"type/Category","coercion_strategy":null,"name":"time_of_day_label_2","settings":null,"fk_target_field_id":null,"field_ref":["field",91,{"join-alias":"Time Of Day - Started At Time Of Day Fk_2"}],"effective_type":"type/Text","id":91,"visibility_type":"normal","display_name":"Time Of Day - Started At Time Of Day Fk_2 → Time Of Day Label","fingerprint":{"global":{"distinct-count":4,"nil%":0.0},"type":{"type/Text":{"percent-json":0.0,"percent-url":0.0,"percent-email":0.0,"percent-state":0.0,"average-length":7.0}}},"base_type":"type/Text"},{"description":null,"semantic_type":"type/PK","coercion_strategy":null,"name":"id_3","settings":null,"fk_target_field_id":null,"field_ref":["field",72,{"join-alias":"Rideable Type - Rideable Type Fk"}],"effective_type":"type/BigInteger","id":72,"visibility_type":"normal","display_name":"Rideable Type - Rideable Type Fk → ID","fingerprint":null,"base_type":"type/BigInteger"},{"description":null,"semantic_type":"type/Name","coercion_strategy":null,"name":"name","settings":null,"fk_target_field_id":null,"field_ref":["field",73,{"join-alias":"Rideable Type - Rideable Type Fk"}],"effective_type":"type/Text","id":73,"visibility_type":"normal","display_name":"Rideable Type - Rideable Type Fk → Name","fingerprint":{"global":{"distinct-count":1,"nil%":0.0},"type":{"type/Text":{"percent-json":0.0,"percent-url":0.0,"percent-email":0.0,"percent-state":0.0,"average-length":11.0}}},"base_type":"type/Text"},{"description":null,"semantic_type":"type/PK","coercion_strategy":null,"name":"id_4","settings":null,"fk_target_field_id":null,"field_ref":["field",103,{"join-alias":"Rent Type - Rent Type Fk"}],"effective_type":"type/BigInteger","id":103,"visibility_type":"normal","display_name":"Rent Type - Rent Type Fk → ID","fingerprint":null,"base_type":"type/BigInteger"},{"description":null,"semantic_type":"type/Name","coercion_strategy":null,"name":"name_2","settings":null,"fk_target_field_id":null,"field_ref":["field",104,{"join-alias":"Rent Type - Rent Type Fk"}],"effective_type":"type/Text","id":104,"visibility_type":"normal","display_name":"Rent Type - Rent Type Fk → Name","fingerprint":{"global":{"distinct-count":2,"nil%":0.0},"type":{"type/Text":{"percent-json":0.0,"percent-url":0.0,"percent-email":0.0,"percent-state":0.0,"average-length":6.0}}},"base_type":"type/Text"},{"description":null,"semantic_type":"type/PK","coercion_strategy":null,"name":"station_pk","settings":null,"fk_target_field_id":null,"field_ref":["field",102,{"join-alias":"Station - Start Station Fk"}],"effective_type":"type/Text","id":102,"visibility_type":"normal","display_name":"Station - Start Station Fk → Station Pk","fingerprint":{"global":{"distinct-count":656,"nil%":0.0},"type":{"type/Text":{"percent-json":0.0,"percent-url":0.0,"percent-email":0.0,"percent-state":0.0,"average-length":31.954268292682926}}},"base_type":"type/Text"},{"description":null,"semantic_type":"type/PK","coercion_strategy":null,"name":"id_5","settings":null,"fk_target_field_id":null,"field_ref":["field",100,{"join-alias":"Station - Start Station Fk"}],"effective_type":"type/Text","id":100,"visibility_type":"normal","display_name":"Station - Start Station Fk → ID","fingerprint":null,"base_type":"type/Text"},{"description":null,"semantic_type":"type/Name","coercion_strategy":null,"name":"name_3","settings":null,"fk_target_field_id":null,"field_ref":["field",101,{"join-alias":"Station - Start Station Fk"}],"effective_type":"type/Text","id":101,"visibility_type":"normal","display_name":"Station - Start Station Fk → Name","fingerprint":{"global":{"distinct-count":656,"nil%":0.0},"type":{"type/Text":{"percent-json":0.0,"percent-url":0.0,"percent-email":0.0,"percent-state":0.0,"average-length":23.490853658536587}}},"base_type":"type/Text"},{"description":null,"semantic_type":"type/PK","coercion_strategy":null,"name":"station_pk_2","settings":null,"fk_target_field_id":null,"field_ref":["field",102,{"join-alias":"Station - Start Station Fk_2"}],"effective_type":"type/Text","id":102,"visibility_type":"normal","display_name":"Station - Start Station Fk_2 → Station Pk","fingerprint":{"global":{"distinct-count":656,"nil%":0.0},"type":{"type/Text":{"percent-json":0.0,"percent-url":0.0,"percent-email":0.0,"percent-state":0.0,"average-length":31.954268292682926}}},"base_type":"type/Text"},{"description":null,"semantic_type":"type/PK","coercion_strategy":null,"name":"id_6","settings":null,"fk_target_field_id":null,"field_ref":["field",100,{"join-alias":"Station - Start Station Fk_2"}],"effective_type":"type/Text","id":100,"visibility_type":"normal","display_name":"Station - Start Station Fk_2 → ID","fingerprint":null,"base_type":"type/Text"},{"description":null,"semantic_type":"type/Name","coercion_strategy":null,"name":"name_4","settings":null,"fk_target_field_id":null,"field_ref":["field",101,{"join-alias":"Station - Start Station Fk_2"}],"effective_type":"type/Text","id":101,"visibility_type":"normal","display_name":"Station - Start Station Fk_2 → Name","fingerprint":{"global":{"distinct-count":656,"nil%":0.0},"type":{"type/Text":{"percent-json":0.0,"percent-url":0.0,"percent-email":0.0,"percent-state":0.0,"average-length":23.490853658536587}}},"base_type":"type/Text"}]',NULL,false,'ff84PXcE_Ge2kk-oh_oNh','[]','[]',true,'v0.49.3 (dba0992)','question',NULL),
	 (7,'2024-06-17 13:07:53.452838+02','2024-06-19 02:59:31.210948+02','Number of rides vs year',NULL,'bar','{"database":2,"type":"query","query":{"aggregation":[["count"]],"breakout":[["field",77,{"base-type":"type/Integer","source-field":87}]],"source-table":"card__9"}}','{"graph.x_axis.title_text":"Year","graph.x_axis.scale":"histogram","graph.dimensions":["year"],"graph.metrics":["count"]}',1,2,11,'query',false,2,NULL,NULL,false,NULL,NULL,'[{"description":null,"semantic_type":"type/Category","table_id":10,"coercion_strategy":null,"name":"year","settings":null,"source":"breakout","fk_target_field_id":null,"fk_field_id":87,"field_ref":["field",77,{"base-type":"type/Integer","source-field":87}],"effective_type":"type/Integer","nfc_path":null,"parent_id":null,"id":77,"position":2,"visibility_type":"normal","display_name":"Started At Date Fk → Year","fingerprint":{"global":{"distinct-count":18,"nil%":0.0},"type":{"type/Number":{"min":2013.0,"q1":2017.0,"q3":2026.0,"max":2030.0,"sd":5.188131128689841,"avg":2021.5003042287801}}},"base_type":"type/Integer","source_alias":"dim_date__via__started_at_date_fk"},{"base_type":"type/Integer","name":"count","display_name":"Count","semantic_type":"type/Quantity","source":"aggregation","field_ref":["aggregation",0],"aggregation_index":0}]',NULL,false,'TfLJjsTr43vxv4Sk8Dloi','[]','[]',true,'v0.49.3 (dba0992)','question',NULL),
	 (6,'2024-06-16 22:38:08.468791+02','2024-06-19 04:27:19.331291+02','Number of rides by start location',NULL,'map','{"database":2,"type":"query","query":{"aggregation":[["count"]],"breakout":[["field",96,{"base-type":"type/Float","binning":{"strategy":"bin-width","bin-width":0.01,"lib/type":"metabase.lib.binning/binning"}}],["field",95,{"base-type":"type/Float","binning":{"strategy":"bin-width","bin-width":0.01,"lib/type":"metabase.lib.binning/binning"}}]],"source-table":"card__9","filter":["inside",["field",95,{"base-type":"type/Float","binning":{"bin-width":0.01,"lib/type":"metabase.lib.binning/binning","min-value":41.800000000000004,"max-value":41.910000000000004,"num-bins":11,"strategy":"bin-width"}}],["field",96,{"base-type":"type/Float","binning":{"bin-width":0.01,"lib/type":"metabase.lib.binning/binning","min-value":-87.7,"max-value":-87.60000000000001,"num-bins":10,"strategy":"bin-width"}}],46.43795812488797,-94.93837651456664,37.006379790913336,-77.37677948573162]}}','{"map.type":"grid"}',1,2,11,'query',false,2,NULL,NULL,false,NULL,NULL,'[{"description":null,"semantic_type":"type/Longitude","table_id":11,"coercion_strategy":null,"binning_info":{"bin_width":0.01,"lib/type":"metabase.lib.binning/binning","min_value":-87.78,"max_value":-87.52,"num_bins":27,"binning_strategy":"bin-width"},"name":"start_lng","settings":null,"source":"breakout","fk_target_field_id":null,"field_ref":["field",96,{"base-type":"type/Float","binning":{"strategy":"bin-width","bin-width":0.01,"lib/type":"metabase.lib.binning/binning","min-value":-87.78,"max-value":-87.52,"num-bins":27}}],"effective_type":"type/Float","nfc_path":null,"parent_id":null,"id":96,"position":9,"visibility_type":"normal","display_name":"Start Lng","fingerprint":{"global":{"distinct-count":3035,"nil%":0.0},"type":{"type/Number":{"min":-87.774446,"q1":-87.66053961201675,"q3":-87.62970772824151,"max":-87.52823173999786,"sd":0.026489383816151887,"avg":-87.64637279140966}}},"base_type":"type/Float"},{"description":null,"semantic_type":"type/Latitude","table_id":11,"coercion_strategy":null,"binning_info":{"bin_width":0.01,"lib/type":"metabase.lib.binning/binning","min_value":41.68,"max_value":42.07,"num_bins":40,"binning_strategy":"bin-width"},"name":"start_lat","settings":null,"source":"breakout","fk_target_field_id":null,"field_ref":["field",95,{"base-type":"type/Float","binning":{"strategy":"bin-width","bin-width":0.01,"lib/type":"metabase.lib.binning/binning","min-value":41.68,"max-value":42.07,"num-bins":40}}],"effective_type":"type/Float","nfc_path":null,"parent_id":null,"id":95,"position":8,"visibility_type":"normal","display_name":"Start Lat","fingerprint":{"global":{"distinct-count":3049,"nil%":0.0},"type":{"type/Number":{"min":41.68,"q1":41.88236476402309,"q3":41.93041340737823,"max":42.064854,"sd":0.046257671504609986,"avg":41.9027919484119}}},"base_type":"type/Float"},{"base_type":"type/Integer","name":"count","display_name":"Count","semantic_type":"type/Quantity","source":"aggregation","field_ref":["aggregation",0],"aggregation_index":0}]',NULL,false,'777f0_WMfY-ES9wdqMIoi','[]','[]',true,'v0.49.3 (dba0992)','question',NULL),
	 (8,'2024-06-17 13:18:00.721937+02','2024-06-19 04:32:30.835452+02','Number of rides by end location',NULL,'map','{"database":2,"type":"query","query":{"aggregation":[["count"]],"breakout":[["field",93,{"base-type":"type/Float","binning":{"strategy":"bin-width","bin-width":0.01,"lib/type":"metabase.lib.binning/binning"}}],["field",94,{"base-type":"type/Float","binning":{"strategy":"bin-width","bin-width":0.01,"lib/type":"metabase.lib.binning/binning"}}]],"source-table":"card__9","filter":["inside",["field",93,{"base-type":"type/Float","binning":{"bin-width":0.01,"lib/type":"metabase.lib.binning/binning","min-value":41.800000000000004,"max-value":41.910000000000004,"num-bins":11,"strategy":"bin-width"}}],["field",94,{"base-type":"type/Float","binning":{"bin-width":0.01,"lib/type":"metabase.lib.binning/binning","min-value":-87.7,"max-value":-87.60000000000001,"num-bins":10,"strategy":"bin-width"}}],47.14521522773192,-98.61698937856941,36.1566260944691,-76.36894034490895]}}','{"map.type":"grid"}',1,2,11,'query',false,2,NULL,NULL,false,NULL,NULL,'[{"description":null,"semantic_type":"type/Latitude","table_id":11,"coercion_strategy":null,"binning_info":{"bin_width":0.01,"lib/type":"metabase.lib.binning/binning","min_value":41.68,"max_value":42.07,"num_bins":40,"binning_strategy":"bin-width"},"name":"end_lat","settings":null,"source":"breakout","fk_target_field_id":null,"field_ref":["field",93,{"base-type":"type/Float","binning":{"strategy":"bin-width","bin-width":0.01,"lib/type":"metabase.lib.binning/binning","min-value":41.68,"max-value":42.07,"num-bins":40}}],"effective_type":"type/Float","nfc_path":null,"parent_id":null,"id":93,"position":10,"visibility_type":"normal","display_name":"End Lat","fingerprint":{"global":{"distinct-count":2878,"nil%":0.0013},"type":{"type/Number":{"min":41.68,"q1":41.88245904333142,"q3":41.93119777931498,"max":42.064854,"sd":0.046465881882911765,"avg":41.90304013708457}}},"base_type":"type/Float"},{"description":null,"semantic_type":"type/Longitude","table_id":11,"coercion_strategy":null,"binning_info":{"bin_width":0.01,"lib/type":"metabase.lib.binning/binning","min_value":-87.78,"max_value":-87.53,"num_bins":25,"binning_strategy":"bin-width"},"name":"end_lng","settings":null,"source":"breakout","fk_target_field_id":null,"field_ref":["field",94,{"base-type":"type/Float","binning":{"strategy":"bin-width","bin-width":0.01,"lib/type":"metabase.lib.binning/binning","min-value":-87.78,"max-value":-87.53,"num-bins":25}}],"effective_type":"type/Float","nfc_path":null,"parent_id":null,"id":94,"position":11,"visibility_type":"normal","display_name":"End Lng","fingerprint":{"global":{"distinct-count":2871,"nil%":0.0013},"type":{"type/Number":{"min":-87.774446,"q1":-87.66136222166664,"q3":-87.62968824112457,"max":-87.53481388092041,"sd":0.02653074444593018,"avg":-87.64677038804705}}},"base_type":"type/Float"},{"base_type":"type/Integer","name":"count","display_name":"Count","semantic_type":"type/Quantity","source":"aggregation","field_ref":["aggregation",0],"aggregation_index":0}]',NULL,false,'eEsaoiGoiTQ1TB95gqf12','[]','[]',true,'v0.49.3 (dba0992)','question',NULL);
INSERT INTO dashboard_tab (id,dashboard_id,"name","position",entity_id,created_at,updated_at) VALUES
	 (1,1,'Number of rides',0,'OTAPfmM6S53TRxXfZqP0n','2024-06-19 04:00:18.634257+02','2024-06-19 04:00:18.634257+02'),
	 (2,1,'On map',1,'cKpR87SSadLJR8AjlC45q','2024-06-19 04:00:18.634257+02','2024-06-19 04:00:18.634257+02');
INSERT INTO report_dashboardcard (id,created_at,updated_at,size_x,size_y,"row",col,card_id,dashboard_id,parameter_mappings,visualization_settings,entity_id,action_id,dashboard_tab_id) VALUES
	 (1,'2024-06-19 04:00:18.634257+02','2024-06-19 04:35:47.734765+02',24,7,0,0,1,1,'[{"parameter_id":"3251aba3","card_id":1,"target":["dimension",["field",77,{"base-type":"type/Integer","source-field":87}]]},{"parameter_id":"5fe50bd6","card_id":1,"target":["dimension",["field",84,{"base-type":"type/Text"}]]}]','{}','gO63kOM6KArgSNh9OKdqE',NULL,1),
	 (4,'2024-06-19 04:00:18.634257+02','2024-06-19 04:35:47.734765+02',12,6,13,0,2,1,'[{"parameter_id":"3251aba3","card_id":2,"target":["dimension",["field",77,{"base-type":"type/Integer"}]]},{"parameter_id":"5fe50bd6","card_id":2,"target":["dimension",["field",84,{"base-type":"type/Text"}]]}]','{}','uwsmWGaHtdpngrqVHlGmG',NULL,1),
	 (3,'2024-06-19 04:00:18.634257+02','2024-06-19 04:35:47.734765+02',12,6,7,12,3,1,'[{"parameter_id":"3251aba3","card_id":3,"target":["dimension",["field",77,{"base-type":"type/Integer"}]]},{"parameter_id":"5fe50bd6","card_id":3,"target":["dimension",["field",84,{"base-type":"type/Text"}]]}]','{}','QrlVkrbLe1h1IsoSRK4_y',NULL,1),
	 (2,'2024-06-19 04:00:18.634257+02','2024-06-19 04:35:47.734765+02',12,6,7,0,7,1,'[{"parameter_id":"3251aba3","card_id":7,"target":["dimension",["field",77,{"base-type":"type/Integer"}]]},{"parameter_id":"5fe50bd6","card_id":7,"target":["dimension",["field",84,{"base-type":"type/Text"}]]}]','{}','DVfnaomdg3fJe5Oi_lq7b',NULL,1),
	 (6,'2024-06-19 04:00:18.634257+02','2024-06-19 04:35:47.734765+02',12,12,0,0,6,1,'[{"parameter_id":"3251aba3","card_id":6,"target":["dimension",["field",77,{"base-type":"type/Integer"}]]},{"parameter_id":"5fe50bd6","card_id":6,"target":["dimension",["field",84,{"base-type":"type/Text"}]]}]','{}','vhOhrtu0OCXvlAuw5tep-',NULL,2),
	 (7,'2024-06-19 04:00:18.634257+02','2024-06-19 04:35:47.734765+02',12,12,0,12,8,1,'[{"parameter_id":"3251aba3","card_id":8,"target":["dimension",["field",77,{"base-type":"type/Integer"}]]},{"parameter_id":"5fe50bd6","card_id":8,"target":["dimension",["field",84,{"base-type":"type/Text"}]]}]','{}','9xwPRz9uhh8pJa2ZEGNCp',NULL,2),
	 (5,'2024-06-19 04:00:18.634257+02','2024-06-19 04:38:35.869444+02',12,6,13,12,4,1,'[{"parameter_id":"3251aba3","card_id":4,"target":["dimension",["field",77,{"base-type":"type/Integer"}]]},{"parameter_id":"5fe50bd6","card_id":4,"target":["dimension",["field",84,{"base-type":"type/Text","source-field":87}]]}]','{}','ofQXUzb0UMVTojhkYKQEP',NULL,1);
