INSERT INTO metabase_table (id,created_at,updated_at,"name",description,entity_type,active,db_id,display_name,visibility_type,"schema",points_of_interest,caveats,show_in_getting_started,field_order,initial_sync_status,is_upload,database_require_filter) VALUES
	 (10,'2024-06-11 14:29:05.893789+02','2024-06-20 04:14:43.195053+02','dim_date',NULL,'entity/GenericTable',true,2,'Date','hidden','dwh_core',NULL,NULL,false,'database','complete',false,NULL),
	 (13,'2024-06-19 01:55:11.648286+02','2024-06-20 04:14:49.69374+02','dim_station',NULL,'entity/GenericTable',true,2,'Station','hidden','dwh_core',NULL,NULL,false,'database','complete',false,NULL),
	 (9,'2024-06-11 14:29:05.858198+02','2024-06-30 23:19:32.606145+02','dim_rideable_type',NULL,'entity/GenericTable',true,2,'Rideable Type',NULL,'dwh_core',NULL,NULL,false,'database','complete',false,NULL),
	 (14,'2024-06-19 01:55:11.678496+02','2024-06-30 23:19:32.606145+02','dim_rent_type',NULL,'entity/GenericTable',true,2,'Rent Type',NULL,'dwh_core',NULL,NULL,false,'database','complete',false,NULL),
	 (11,'2024-06-11 14:29:05.919251+02','2024-06-30 23:19:32.606145+02','fct_rides',NULL,'entity/GenericTable',true,2,'Rides',NULL,'dwh_core',NULL,NULL,false,'database','complete',false,NULL),
	 (12,'2024-06-16 03:31:25.747505+02','2024-06-20 04:14:37.28051+02','dim_time_of_day',NULL,'entity/GenericTable',true,2,'Time Of Day','hidden','dwh_core',NULL,NULL,false,'database','complete',false,NULL),
	 (16,'2024-06-20 02:40:16.902686+02','2024-06-30 23:19:32.606145+02','dim_start_station',NULL,'entity/GenericTable',true,2,'Start Station',NULL,'dwh_core',NULL,NULL,false,'database','complete',false,NULL),
	 (15,'2024-06-20 02:40:16.868018+02','2024-06-30 23:19:32.606145+02','dim_end_station',NULL,'entity/GenericTable',true,2,'End Station',NULL,'dwh_core',NULL,NULL,false,'database','complete',false,NULL),
	 (19,'2024-06-20 04:10:09.37969+02','2024-06-30 23:19:32.606145+02','dim_ended_at_date',NULL,'entity/GenericTable',true,2,'Ended At Date',NULL,'dwh_core',NULL,NULL,false,'database','complete',false,NULL),
	 (17,'2024-06-20 04:10:09.360334+02','2024-06-30 23:19:32.606145+02','dim_started_at_date',NULL,'entity/GenericTable',true,2,'Started At Date',NULL,'dwh_core',NULL,NULL,false,'database','complete',false,NULL);
INSERT INTO metabase_table (id,created_at,updated_at,"name",description,entity_type,active,db_id,display_name,visibility_type,"schema",points_of_interest,caveats,show_in_getting_started,field_order,initial_sync_status,is_upload,database_require_filter) VALUES
	 (18,'2024-06-20 04:10:09.370748+02','2024-06-30 23:19:32.606145+02','dim_ended_at_time_of_day',NULL,'entity/GenericTable',true,2,'Ended At Time Of Day',NULL,'dwh_core',NULL,NULL,false,'database','complete',false,NULL),
	 (20,'2024-06-20 04:10:09.388139+02','2024-06-30 23:19:32.606145+02','dim_started_at_time_of_day',NULL,'entity/GenericTable',true,2,'Started At Time Of Day',NULL,'dwh_core',NULL,NULL,false,'database','complete',false,NULL);
INSERT INTO metabase_field (id,created_at,updated_at,"name",base_type,semantic_type,active,description,preview_display,"position",table_id,parent_id,display_name,visibility_type,fk_target_field_id,last_analyzed,points_of_interest,caveats,fingerprint,fingerprint_version,database_type,has_field_values,settings,database_position,custom_position,effective_type,coercion_strategy,nfc_path,database_required,json_unfolding,database_is_auto_increment,database_indexed,database_partitioned) VALUES
	 (108,'2024-06-20 02:40:17.322497+02','2024-06-20 02:41:37.819402+02','id','type/Text','type/Category',true,NULL,true,1,16,NULL,'ID','normal',NULL,'2024-06-20 02:40:18.303348+02',NULL,NULL,NULL,5,'varchar',NULL,NULL,1,0,'type/Text',NULL,NULL,false,false,false,NULL,NULL),
	 (110,'2024-06-20 02:40:17.322497+02','2024-06-20 02:41:41.846301+02','station_pk','type/Text','type/PK',true,NULL,true,0,16,NULL,'Station Pk','normal',NULL,'2024-06-20 02:40:18.303348+02',NULL,NULL,'{"global":{"distinct-count":656,"nil%":0.0},"type":{"type/Text":{"percent-json":0.0,"percent-url":0.0,"percent-email":0.0,"percent-state":0.0,"average-length":31.954268292682926}}}',5,'text','auto-list',NULL,0,0,'type/Text',NULL,NULL,false,false,false,NULL,NULL),
	 (129,'2024-06-20 04:10:09.742563+02','2024-06-20 04:11:57.361078+02','week_of_year','type/Integer','type/Category',true,NULL,true,10,19,NULL,'Week Of Year','normal',NULL,'2024-06-20 04:10:12.283889+02',NULL,NULL,'{"global":{"distinct-count":53,"nil%":0.0},"type":{"type/Number":{"min":1.0,"q1":13.535714285714286,"q3":39.62301587301587,"max":53.0,"sd":15.062083649464066,"avg":26.58077274110131}}}',5,'int4','auto-list',NULL,10,0,'type/Integer',NULL,NULL,false,false,false,NULL,NULL),
	 (137,'2024-06-30 03:14:21.766407+02','2024-06-30 03:15:34.283841+02','started_at_datetime','type/DateTime','type/CreationTimestamp',true,NULL,true,6,11,NULL,'Started At Datetime','normal',NULL,'2024-06-30 03:14:22.968964+02',NULL,NULL,'{"global":{"distinct-count":9762,"nil%":0.0},"type":{"type/DateTime":{"earliest":"2021-01-01T00:02:05Z","latest":"2021-01-05T20:59:37Z"}}}',5,'timestamp',NULL,NULL,6,0,'type/DateTime',NULL,NULL,false,false,false,NULL,NULL),
	 (138,'2024-06-30 03:14:21.766407+02','2024-06-30 03:15:41.169168+02','ended_at_datetime','type/DateTime','type/CreationTimestamp',true,NULL,true,7,11,NULL,'Ended At Datetime','normal',NULL,'2024-06-30 03:14:22.968964+02',NULL,NULL,'{"global":{"distinct-count":9753,"nil%":0.0},"type":{"type/DateTime":{"earliest":"2021-01-01T00:08:39Z","latest":"2021-01-05T22:47:33Z"}}}',5,'timestamp',NULL,NULL,7,0,'type/DateTime',NULL,NULL,false,false,false,NULL,NULL),
	 (128,'2024-06-20 04:10:09.742563+02','2024-06-20 04:10:12.283889+02','month','type/Integer','type/Category',true,NULL,true,3,19,NULL,'Month','normal',NULL,'2024-06-20 04:10:12.283889+02',NULL,NULL,'{"global":{"distinct-count":12,"nil%":0.0},"type":{"type/Number":{"min":1.0,"q1":3.5396432500646267,"q3":9.518664598715468,"max":12.0,"sd":3.44887105741937,"avg":6.523273501673258}}}',5,'int4','auto-list',NULL,3,0,'type/Integer',NULL,NULL,false,false,false,NULL,NULL),
	 (132,'2024-06-20 04:10:09.742563+02','2024-06-20 04:10:12.283889+02','id','type/Integer','type/PK',true,NULL,true,0,19,NULL,'ID','normal',NULL,'2024-06-20 04:10:12.283889+02',NULL,NULL,NULL,5,'int4',NULL,NULL,0,0,'type/Integer',NULL,NULL,false,false,false,NULL,NULL),
	 (109,'2024-06-20 02:40:17.322497+02','2024-06-20 02:40:18.303348+02','name','type/Text','type/Name',true,NULL,true,2,16,NULL,'Name','normal',NULL,'2024-06-20 02:40:18.303348+02',NULL,NULL,'{"global":{"distinct-count":656,"nil%":0.0},"type":{"type/Text":{"percent-json":0.0,"percent-url":0.0,"percent-email":0.0,"percent-state":0.0,"average-length":23.490853658536587}}}',5,'varchar','auto-list',NULL,2,0,'type/Text',NULL,NULL,false,false,false,NULL,NULL),
	 (106,'2024-06-20 02:40:17.263322+02','2024-06-20 02:40:18.303348+02','name','type/Text','type/Name',true,NULL,true,2,15,NULL,'Name','normal',NULL,'2024-06-20 02:40:18.303348+02',NULL,NULL,'{"global":{"distinct-count":656,"nil%":0.0},"type":{"type/Text":{"percent-json":0.0,"percent-url":0.0,"percent-email":0.0,"percent-state":0.0,"average-length":23.490853658536587}}}',5,'varchar','auto-list',NULL,2,0,'type/Text',NULL,NULL,false,false,false,NULL,NULL),
	 (105,'2024-06-20 02:40:17.263322+02','2024-06-20 02:41:52.992663+02','id','type/Text','type/Category',true,NULL,true,1,15,NULL,'ID','normal',NULL,'2024-06-20 02:40:18.303348+02',NULL,NULL,NULL,5,'varchar',NULL,NULL,1,0,'type/Text',NULL,NULL,false,false,false,NULL,NULL);
INSERT INTO metabase_field (id,created_at,updated_at,"name",base_type,semantic_type,active,description,preview_display,"position",table_id,parent_id,display_name,visibility_type,fk_target_field_id,last_analyzed,points_of_interest,caveats,fingerprint,fingerprint_version,database_type,has_field_values,settings,database_position,custom_position,effective_type,coercion_strategy,nfc_path,database_required,json_unfolding,database_is_auto_increment,database_indexed,database_partitioned) VALUES
	 (107,'2024-06-20 02:40:17.263322+02','2024-06-20 02:41:56.934527+02','station_pk','type/Text','type/PK',true,NULL,true,0,15,NULL,'Station Pk','normal',NULL,'2024-06-20 02:40:18.303348+02',NULL,NULL,'{"global":{"distinct-count":656,"nil%":0.0},"type":{"type/Text":{"percent-json":0.0,"percent-url":0.0,"percent-email":0.0,"percent-state":0.0,"average-length":31.954268292682926}}}',5,'text','auto-list',NULL,0,0,'type/Text',NULL,NULL,false,false,false,NULL,NULL),
	 (133,'2024-06-20 04:10:09.742563+02','2024-06-20 04:10:12.283889+02','quarter','type/Integer','type/Category',true,NULL,true,5,19,NULL,'Quarter','normal',NULL,'2024-06-20 04:10:12.283889+02',NULL,NULL,'{"global":{"distinct-count":4,"nil%":0.0},"type":{"type/Number":{"min":1.0,"q1":1.510882385662642,"q3":3.507548309178744,"max":4.0,"sd":1.117132515462843,"avg":2.508670520231214}}}',5,'int4','auto-list',NULL,5,0,'type/Integer',NULL,NULL,false,false,false,NULL,NULL),
	 (135,'2024-06-20 04:10:09.783147+02','2024-06-20 04:10:12.283889+02','time_of_day_label','type/Text','type/Category',true,NULL,true,1,20,NULL,'Time Of Day Label','normal',NULL,'2024-06-20 04:10:12.283889+02',NULL,NULL,'{"global":{"distinct-count":4,"nil%":0.0},"type":{"type/Text":{"percent-json":0.0,"percent-url":0.0,"percent-email":0.0,"percent-state":0.0,"average-length":7.0}}}',5,'text','auto-list',NULL,1,0,'type/Text',NULL,NULL,false,false,false,NULL,NULL),
	 (139,'2024-06-30 23:19:32.118697+02','2024-06-30 23:20:13.744011+02','duration_in_seconds','type/Float','type/Quantity',true,NULL,true,8,11,NULL,'Duration In Seconds','normal',NULL,'2024-06-30 23:19:33.318736+02',NULL,NULL,'{"global":{"distinct-count":2378,"nil%":0.0},"type":{"type/Number":{"min":2.0,"q1":348.16253860078064,"q3":1017.7256436863725,"max":220513.0,"sd":3048.9113474100923,"avg":926.4174000000002}}}',5,'float8',NULL,NULL,8,0,'type/Float',NULL,NULL,false,false,false,NULL,NULL),
	 (111,'2024-06-20 04:10:09.61247+02','2024-06-20 04:12:30.714346+02','date_day','type/Date','type/CreationDate',true,NULL,true,1,17,NULL,'Date Day','normal',NULL,'2024-06-20 04:10:12.283889+02',NULL,NULL,'{"global":{"distinct-count":6574,"nil%":0.0},"type":{"type/DateTime":{"earliest":"2013-01-01","latest":"2030-12-31"}}}',5,'date',NULL,NULL,1,0,'type/Date',NULL,NULL,false,false,false,NULL,NULL),
	 (131,'2024-06-20 04:10:09.742563+02','2024-06-20 04:11:48.400981+02','day','type/Integer','type/Category',true,NULL,true,4,19,NULL,'Day','normal',NULL,'2024-06-20 04:10:12.283889+02',NULL,NULL,'{"global":{"distinct-count":31,"nil%":0.0},"type":{"type/Number":{"min":1.0,"q1":8.108796296296296,"q3":23.32638888888889,"max":31.0,"sd":8.800334974744898,"avg":15.728627928202007}}}',5,'int4','auto-list',NULL,4,0,'type/Integer',NULL,NULL,false,false,false,NULL,NULL),
	 (115,'2024-06-20 04:10:09.61247+02','2024-06-20 04:10:12.283889+02','month','type/Integer','type/Category',true,NULL,true,3,17,NULL,'Month','normal',NULL,'2024-06-20 04:10:12.283889+02',NULL,NULL,'{"global":{"distinct-count":12,"nil%":0.0},"type":{"type/Number":{"min":1.0,"q1":3.5396432500646267,"q3":9.518664598715468,"max":12.0,"sd":3.44887105741937,"avg":6.523273501673258}}}',5,'int4','auto-list',NULL,3,0,'type/Integer',NULL,NULL,false,false,false,NULL,NULL),
	 (117,'2024-06-20 04:10:09.61247+02','2024-06-20 04:10:12.283889+02','weekday_indicator','type/Text','type/Category',true,NULL,true,9,17,NULL,'Weekday Indicator','normal',NULL,'2024-06-20 04:10:12.283889+02',NULL,NULL,'{"global":{"distinct-count":2,"nil%":0.0},"type":{"type/Text":{"percent-json":0.0,"percent-url":0.0,"percent-email":0.0,"percent-state":0.0,"average-length":7.0}}}',5,'text','auto-list',NULL,9,0,'type/Text',NULL,NULL,false,false,false,NULL,NULL),
	 (112,'2024-06-20 04:10:09.61247+02','2024-06-20 04:10:12.283889+02','weekday_iso','type/Integer','type/Category',true,NULL,true,6,17,NULL,'Weekday Iso','normal',NULL,'2024-06-20 04:10:12.283889+02',NULL,NULL,'{"global":{"distinct-count":7,"nil%":0.0},"type":{"type/Number":{"min":1.0,"q1":2.249501197259292,"q3":5.749733759318424,"max":7.0,"sd":2.0001521086057643,"avg":3.9996957712199572}}}',5,'int4','auto-list',NULL,6,0,'type/Integer',NULL,NULL,false,false,false,NULL,NULL),
	 (130,'2024-06-20 04:10:09.742563+02','2024-06-20 04:10:12.283889+02','weekday_indicator','type/Text','type/Category',true,NULL,true,9,19,NULL,'Weekday Indicator','normal',NULL,'2024-06-20 04:10:12.283889+02',NULL,NULL,'{"global":{"distinct-count":2,"nil%":0.0},"type":{"type/Text":{"percent-json":0.0,"percent-url":0.0,"percent-email":0.0,"percent-state":0.0,"average-length":7.0}}}',5,'text','auto-list',NULL,9,0,'type/Text',NULL,NULL,false,false,false,NULL,NULL);
INSERT INTO metabase_field (id,created_at,updated_at,"name",base_type,semantic_type,active,description,preview_display,"position",table_id,parent_id,display_name,visibility_type,fk_target_field_id,last_analyzed,points_of_interest,caveats,fingerprint,fingerprint_version,database_type,has_field_values,settings,database_position,custom_position,effective_type,coercion_strategy,nfc_path,database_required,json_unfolding,database_is_auto_increment,database_indexed,database_partitioned) VALUES
	 (134,'2024-06-20 04:10:09.742563+02','2024-06-20 04:10:12.283889+02','month_name','type/Text','type/Category',true,NULL,true,8,19,NULL,'Month Name','normal',NULL,'2024-06-20 04:10:12.283889+02',NULL,NULL,'{"global":{"distinct-count":12,"nil%":0.0},"type":{"type/Text":{"percent-json":0.0,"percent-url":0.0,"percent-email":0.0,"percent-state":0.0,"average-length":6.14907210222087}}}',5,'text','auto-list',NULL,8,0,'type/Text',NULL,NULL,false,false,false,NULL,NULL),
	 (114,'2024-06-20 04:10:09.61247+02','2024-06-20 04:10:12.283889+02','year','type/Integer','type/Category',true,NULL,true,2,17,NULL,'Year','normal',NULL,'2024-06-20 04:10:12.283889+02',NULL,NULL,'{"global":{"distinct-count":18,"nil%":0.0},"type":{"type/Number":{"min":2013.0,"q1":2017.0,"q3":2026.0,"max":2030.0,"sd":5.188131128689841,"avg":2021.5003042287801}}}',5,'int4','auto-list',NULL,2,0,'type/Integer',NULL,NULL,false,false,false,NULL,NULL),
	 (102,'2024-06-19 01:55:12.125128+02','2024-06-19 01:56:45.692869+02','station_pk','type/Text','type/PK',true,NULL,true,0,13,NULL,'Station Pk','normal',NULL,'2024-06-19 01:55:14.235335+02',NULL,NULL,'{"global":{"distinct-count":656,"nil%":0.0},"type":{"type/Text":{"percent-json":0.0,"percent-url":0.0,"percent-email":0.0,"percent-state":0.0,"average-length":31.954268292682926}}}',5,'text','auto-list',NULL,0,0,'type/Text',NULL,NULL,false,false,false,NULL,NULL),
	 (103,'2024-06-19 01:55:12.181608+02','2024-06-19 01:55:14.235335+02','id','type/BigInteger','type/PK',true,NULL,true,0,14,NULL,'ID','normal',NULL,'2024-06-19 01:55:14.235335+02',NULL,NULL,NULL,5,'int8',NULL,NULL,0,0,'type/BigInteger',NULL,NULL,false,false,false,NULL,NULL),
	 (104,'2024-06-19 01:55:12.181608+02','2024-06-19 01:55:14.235335+02','name','type/Text','type/Name',true,NULL,true,1,14,NULL,'Name','normal',NULL,'2024-06-19 01:55:14.235335+02',NULL,NULL,'{"global":{"distinct-count":2,"nil%":0.0},"type":{"type/Text":{"percent-json":0.0,"percent-url":0.0,"percent-email":0.0,"percent-state":0.0,"average-length":6.0}}}',5,'varchar','auto-list',NULL,1,0,'type/Text',NULL,NULL,false,false,false,NULL,NULL),
	 (101,'2024-06-19 01:55:12.125128+02','2024-06-19 01:57:08.848619+02','name','type/Text','type/Name',true,NULL,true,2,13,NULL,'Name','normal',NULL,'2024-06-19 01:55:14.235335+02',NULL,NULL,'{"global":{"distinct-count":656,"nil%":0.0},"type":{"type/Text":{"percent-json":0.0,"percent-url":0.0,"percent-email":0.0,"percent-state":0.0,"average-length":23.490853658536587}}}',5,'varchar','auto-list',NULL,2,0,'type/Text',NULL,NULL,false,false,false,NULL,NULL),
	 (91,'2024-06-16 03:37:55.215048+02','2024-06-16 03:37:55.779895+02','time_of_day_label','type/Text','type/Category',true,NULL,true,1,12,NULL,'Time Of Day Label','normal',NULL,'2024-06-16 03:37:55.779895+02',NULL,NULL,'{"global":{"distinct-count":4,"nil%":0.0},"type":{"type/Text":{"percent-json":0.0,"percent-url":0.0,"percent-email":0.0,"percent-state":0.0,"average-length":7.0}}}',5,'text','auto-list',NULL,1,0,'type/Text',NULL,NULL,false,false,false,NULL,NULL),
	 (92,'2024-06-16 03:37:55.215048+02','2024-06-16 03:39:16.174046+02','time_of_day_hour','type/Integer','type/PK',true,NULL,true,0,12,NULL,'Time Of Day Hour','normal',NULL,'2024-06-16 03:37:55.779895+02',NULL,NULL,'{"global":{"distinct-count":24,"nil%":0.0},"type":{"type/Number":{"min":0.0,"q1":5.5,"q3":17.5,"max":23.0,"sd":7.0710678118654755,"avg":11.5}}}',5,'int4','auto-list',NULL,0,0,'type/Integer',NULL,NULL,false,false,false,NULL,NULL),
	 (75,'2024-06-12 00:37:26.187311+02','2024-06-12 00:37:28.461152+02','weekday_iso','type/Integer','type/Category',true,NULL,true,6,10,NULL,'Weekday Iso','normal',NULL,'2024-06-12 00:37:28.461152+02',NULL,NULL,'{"global":{"distinct-count":7,"nil%":0.0},"type":{"type/Number":{"min":1.0,"q1":2.249501197259292,"q3":5.749733759318424,"max":7.0,"sd":2.0001521086057643,"avg":3.9996957712199572}}}',5,'int4','auto-list',NULL,6,0,'type/Integer',NULL,NULL,false,false,false,NULL,NULL),
	 (76,'2024-06-12 00:37:26.187311+02','2024-06-12 00:37:28.461152+02','weekday_name','type/Text','type/Category',true,NULL,true,7,10,NULL,'Weekday Name','normal',NULL,'2024-06-12 00:37:28.461152+02',NULL,NULL,'{"global":{"distinct-count":7,"nil%":0.0},"type":{"type/Text":{"percent-json":0.0,"percent-url":0.0,"percent-email":0.0,"percent-state":0.0,"average-length":9.0}}}',5,'text','auto-list',NULL,7,0,'type/Text',NULL,NULL,false,false,false,NULL,NULL);
INSERT INTO metabase_field (id,created_at,updated_at,"name",base_type,semantic_type,active,description,preview_display,"position",table_id,parent_id,display_name,visibility_type,fk_target_field_id,last_analyzed,points_of_interest,caveats,fingerprint,fingerprint_version,database_type,has_field_values,settings,database_position,custom_position,effective_type,coercion_strategy,nfc_path,database_required,json_unfolding,database_is_auto_increment,database_indexed,database_partitioned) VALUES
	 (77,'2024-06-12 00:37:26.187311+02','2024-06-12 00:37:28.461152+02','year','type/Integer','type/Category',true,NULL,true,2,10,NULL,'Year','normal',NULL,'2024-06-12 00:37:28.461152+02',NULL,NULL,'{"global":{"distinct-count":18,"nil%":0.0},"type":{"type/Number":{"min":2013.0,"q1":2017.0,"q3":2026.0,"max":2030.0,"sd":5.188131128689841,"avg":2021.5003042287801}}}',5,'int4','auto-list',NULL,2,0,'type/Integer',NULL,NULL,false,false,false,NULL,NULL),
	 (78,'2024-06-12 00:37:26.187311+02','2024-06-12 00:37:28.461152+02','month','type/Integer','type/Category',true,NULL,true,3,10,NULL,'Month','normal',NULL,'2024-06-12 00:37:28.461152+02',NULL,NULL,'{"global":{"distinct-count":12,"nil%":0.0},"type":{"type/Number":{"min":1.0,"q1":3.5396432500646267,"q3":9.518664598715468,"max":12.0,"sd":3.44887105741937,"avg":6.523273501673258}}}',5,'int4','auto-list',NULL,3,0,'type/Integer',NULL,NULL,false,false,false,NULL,NULL),
	 (94,'2024-06-16 04:04:10.741288+02','2024-06-30 23:19:32.200896+02','end_lng','type/Float','type/Longitude',true,NULL,true,14,11,NULL,'End Lng','normal',NULL,'2024-06-16 04:04:11.514026+02',NULL,NULL,'{"global":{"distinct-count":2871,"nil%":0.0013},"type":{"type/Number":{"min":-87.774446,"q1":-87.66136222166664,"q3":-87.62968824112457,"max":-87.53481388092041,"sd":0.02653074444593018,"avg":-87.64677038804705}}}',5,'float8',NULL,NULL,14,0,'type/Float',NULL,NULL,false,false,false,NULL,NULL),
	 (79,'2024-06-12 00:37:26.187311+02','2024-06-20 04:11:38.916787+02','week_of_year','type/Integer','type/Category',true,NULL,true,10,10,NULL,'Week Of Year','normal',NULL,'2024-06-12 00:37:28.461152+02',NULL,NULL,'{"global":{"distinct-count":53,"nil%":0.0},"type":{"type/Number":{"min":1.0,"q1":13.535714285714286,"q3":39.62301587301587,"max":53.0,"sd":15.062083649464066,"avg":26.58077274110131}}}',5,'int4','auto-list',NULL,10,0,'type/Integer',NULL,NULL,false,false,false,NULL,NULL),
	 (100,'2024-06-19 01:55:12.125128+02','2024-06-20 02:41:11.684777+02','id','type/Text','type/Category',true,NULL,true,1,13,NULL,'ID','normal',NULL,'2024-06-19 01:55:14.235335+02',NULL,NULL,NULL,5,'varchar',NULL,NULL,1,0,'type/Text',NULL,NULL,false,false,false,NULL,NULL),
	 (96,'2024-06-16 04:04:10.741288+02','2024-06-30 23:19:32.191265+02','start_lng','type/Float','type/Longitude',true,NULL,true,12,11,NULL,'Start Lng','normal',NULL,'2024-06-16 04:04:11.514026+02',NULL,NULL,'{"global":{"distinct-count":3035,"nil%":0.0},"type":{"type/Number":{"min":-87.774446,"q1":-87.66053961201675,"q3":-87.62970772824151,"max":-87.52823173999786,"sd":0.026489383816151887,"avg":-87.64637279140966}}}',5,'float8',NULL,NULL,12,0,'type/Float',NULL,NULL,false,false,false,NULL,NULL),
	 (95,'2024-06-16 04:04:10.741288+02','2024-06-30 23:19:32.180917+02','start_lat','type/Float','type/Latitude',true,NULL,true,11,11,NULL,'Start Lat','normal',NULL,'2024-06-16 04:04:11.514026+02',NULL,NULL,'{"global":{"distinct-count":3049,"nil%":0.0},"type":{"type/Number":{"min":41.68,"q1":41.88236476402309,"q3":41.93041340737823,"max":42.064854,"sd":0.046257671504609986,"avg":41.9027919484119}}}',5,'float8',NULL,NULL,11,0,'type/Float',NULL,NULL,false,false,false,NULL,NULL),
	 (90,'2024-06-16 03:37:46.261338+02','2024-06-20 04:15:32.50578+02','started_at_time_of_day_fk','type/Integer','type/FK',true,NULL,true,4,11,NULL,'Started At Time Of Day Fk','normal',136,'2024-06-16 03:37:46.878377+02',NULL,NULL,'{"global":{"distinct-count":24,"nil%":0.0},"type":{"type/Number":{"min":0.0,"q1":11.091631629210989,"q3":16.935401665018567,"max":23.0,"sd":4.447990284584397,"avg":13.7533}}}',5,'int4','auto-list',NULL,4,0,'type/Integer',NULL,NULL,false,false,false,NULL,NULL),
	 (89,'2024-06-16 03:37:46.261338+02','2024-06-20 04:15:36.670993+02','ended_at_time_of_day_fk','type/Integer','type/FK',true,NULL,true,5,11,NULL,'Ended At Time Of Day Fk','normal',123,'2024-06-16 03:37:46.878377+02',NULL,NULL,'{"global":{"distinct-count":24,"nil%":0.0},"type":{"type/Number":{"min":0.0,"q1":11.323877040543673,"q3":17.14571419043549,"max":23.0,"sd":4.472977039104856,"avg":13.9346}}}',5,'int4','auto-list',NULL,5,0,'type/Integer',NULL,NULL,false,false,false,NULL,NULL),
	 (97,'2024-06-19 01:55:12.014544+02','2024-06-30 23:19:32.219894+02','rent_type_fk','type/BigInteger','type/FK',true,NULL,true,15,11,NULL,'Rent Type Fk','normal',103,'2024-06-19 01:55:14.235335+02',NULL,NULL,'{"global":{"distinct-count":2,"nil%":0.0},"type":{"type/Number":{"min":1.0,"q1":1.4321834509047793,"q3":2.0,"max":2.0,"sd":0.40739978824091927,"avg":1.7899}}}',5,'int8','auto-list',NULL,15,0,'type/BigInteger',NULL,NULL,false,false,false,NULL,NULL);
INSERT INTO metabase_field (id,created_at,updated_at,"name",base_type,semantic_type,active,description,preview_display,"position",table_id,parent_id,display_name,visibility_type,fk_target_field_id,last_analyzed,points_of_interest,caveats,fingerprint,fingerprint_version,database_type,has_field_values,settings,database_position,custom_position,effective_type,coercion_strategy,nfc_path,database_required,json_unfolding,database_is_auto_increment,database_indexed,database_partitioned) VALUES
	 (99,'2024-06-19 01:55:12.014544+02','2024-06-30 23:19:32.209303+02','end_station_fk','type/Text','type/FK',true,NULL,true,10,11,NULL,'End Station Fk','normal',107,'2024-06-19 01:55:14.235335+02',NULL,NULL,'{"global":{"distinct-count":530,"nil%":0.0},"type":{"type/Text":{"percent-json":0.0,"percent-url":0.0,"percent-email":0.0,"percent-state":0.0,"average-length":28.928}}}',5,'text','auto-list',NULL,10,0,'type/Text',NULL,NULL,false,false,false,NULL,NULL),
	 (98,'2024-06-19 01:55:12.014544+02','2024-06-30 23:19:32.226637+02','start_station_fk','type/Text','type/FK',true,NULL,true,9,11,NULL,'Start Station Fk','normal',110,'2024-06-19 01:55:14.235335+02',NULL,NULL,'{"global":{"distinct-count":541,"nil%":0.0},"type":{"type/Text":{"percent-json":0.0,"percent-url":0.0,"percent-email":0.0,"percent-state":0.0,"average-length":29.54}}}',5,'text','auto-list',NULL,9,0,'type/Text',NULL,NULL,false,false,false,NULL,NULL),
	 (93,'2024-06-16 04:04:10.741288+02','2024-06-30 23:19:32.170129+02','end_lat','type/Float','type/Latitude',true,NULL,true,13,11,NULL,'End Lat','normal',NULL,'2024-06-16 04:04:11.514026+02',NULL,NULL,'{"global":{"distinct-count":2878,"nil%":0.0013},"type":{"type/Number":{"min":41.68,"q1":41.88245904333142,"q3":41.93119777931498,"max":42.064854,"sd":0.046465881882911765,"avg":41.90304013708457}}}',5,'float8',NULL,NULL,13,0,'type/Float',NULL,NULL,false,false,false,NULL,NULL),
	 (80,'2024-06-12 00:37:26.187311+02','2024-06-12 00:37:28.461152+02','weekday_indicator','type/Text','type/Category',true,NULL,true,9,10,NULL,'Weekday Indicator','normal',NULL,'2024-06-12 00:37:28.461152+02',NULL,NULL,'{"global":{"distinct-count":2,"nil%":0.0},"type":{"type/Text":{"percent-json":0.0,"percent-url":0.0,"percent-email":0.0,"percent-state":0.0,"average-length":7.0}}}',5,'text','auto-list',NULL,9,0,'type/Text',NULL,NULL,false,false,false,NULL,NULL),
	 (82,'2024-06-12 00:37:26.187311+02','2024-06-12 00:37:28.461152+02','id','type/Integer','type/PK',true,NULL,true,0,10,NULL,'ID','normal',NULL,'2024-06-12 00:37:28.461152+02',NULL,NULL,NULL,5,'int4',NULL,NULL,0,0,'type/Integer',NULL,NULL,false,false,false,NULL,NULL),
	 (83,'2024-06-12 00:37:26.187311+02','2024-06-12 00:37:28.461152+02','quarter','type/Integer','type/Category',true,NULL,true,5,10,NULL,'Quarter','normal',NULL,'2024-06-12 00:37:28.461152+02',NULL,NULL,'{"global":{"distinct-count":4,"nil%":0.0},"type":{"type/Number":{"min":1.0,"q1":1.510882385662642,"q3":3.507548309178744,"max":4.0,"sd":1.117132515462843,"avg":2.508670520231214}}}',5,'int4','auto-list',NULL,5,0,'type/Integer',NULL,NULL,false,false,false,NULL,NULL),
	 (84,'2024-06-12 00:37:26.187311+02','2024-06-12 00:37:28.461152+02','month_name','type/Text','type/Category',true,NULL,true,8,10,NULL,'Month Name','normal',NULL,'2024-06-12 00:37:28.461152+02',NULL,NULL,'{"global":{"distinct-count":12,"nil%":0.0},"type":{"type/Text":{"percent-json":0.0,"percent-url":0.0,"percent-email":0.0,"percent-state":0.0,"average-length":9.0}}}',5,'text','auto-list',NULL,8,0,'type/Text',NULL,NULL,false,false,false,NULL,NULL),
	 (72,'2024-06-12 00:37:26.137082+02','2024-06-12 00:37:28.461152+02','id','type/BigInteger','type/PK',true,NULL,true,0,9,NULL,'ID','normal',NULL,'2024-06-12 00:37:28.461152+02',NULL,NULL,NULL,5,'int8',NULL,NULL,0,0,'type/BigInteger',NULL,NULL,false,false,false,NULL,NULL),
	 (73,'2024-06-12 00:37:26.137082+02','2024-06-12 00:37:28.461152+02','name','type/Text','type/Name',true,NULL,true,1,9,NULL,'Name','normal',NULL,'2024-06-12 00:37:28.461152+02',NULL,NULL,'{"global":{"distinct-count":1,"nil%":0.0},"type":{"type/Text":{"percent-json":0.0,"percent-url":0.0,"percent-email":0.0,"percent-state":0.0,"average-length":11.0}}}',5,'varchar','auto-list',NULL,1,0,'type/Text',NULL,NULL,false,false,false,NULL,NULL),
	 (85,'2024-06-12 00:37:26.243893+02','2024-06-12 00:40:39.247891+02','rideable_type_fk','type/BigInteger','type/FK',true,NULL,true,1,11,NULL,'Rideable Type Fk','normal',72,'2024-06-12 00:37:28.461152+02',NULL,NULL,'{"global":{"distinct-count":1,"nil%":0.0},"type":{"type/Number":{"min":1.0,"q1":1.0,"q3":1.0,"max":1.0,"sd":0.0,"avg":1.0}}}',5,'int8','auto-list',NULL,1,0,'type/BigInteger',NULL,NULL,false,false,false,NULL,NULL);
INSERT INTO metabase_field (id,created_at,updated_at,"name",base_type,semantic_type,active,description,preview_display,"position",table_id,parent_id,display_name,visibility_type,fk_target_field_id,last_analyzed,points_of_interest,caveats,fingerprint,fingerprint_version,database_type,has_field_values,settings,database_position,custom_position,effective_type,coercion_strategy,nfc_path,database_required,json_unfolding,database_is_auto_increment,database_indexed,database_partitioned) VALUES
	 (74,'2024-06-12 00:37:26.187311+02','2024-06-12 01:02:58.565324+02','date_day','type/Date','type/CreationDate',true,NULL,true,1,10,NULL,'Date Day','normal',NULL,'2024-06-12 00:37:28.461152+02',NULL,NULL,'{"global":{"distinct-count":6574,"nil%":0.0},"type":{"type/DateTime":{"earliest":"2013-01-01","latest":"2030-12-31"}}}',5,'date',NULL,NULL,1,0,'type/Date',NULL,NULL,false,false,false,NULL,NULL),
	 (88,'2024-06-12 00:37:26.243893+02','2024-06-19 02:13:16.801758+02','ride_id','type/Text','type/PK',true,NULL,true,0,11,NULL,'Ride ID','normal',NULL,'2024-06-12 00:37:28.461152+02',NULL,NULL,'{"global":{"distinct-count":9999,"nil%":0.0},"type":{"type/Text":{"percent-json":0.0,"percent-url":0.0,"percent-email":0.0,"percent-state":0.0,"average-length":16.0}}}',5,'varchar',NULL,NULL,0,0,'type/Text',NULL,NULL,false,false,false,NULL,NULL),
	 (113,'2024-06-20 04:10:09.61247+02','2024-06-20 04:10:12.283889+02','weekday_name','type/Text','type/Category',true,NULL,true,7,17,NULL,'Weekday Name','normal',NULL,'2024-06-20 04:10:12.283889+02',NULL,NULL,'{"global":{"distinct-count":7,"nil%":0.0},"type":{"type/Text":{"percent-json":0.0,"percent-url":0.0,"percent-email":0.0,"percent-state":0.0,"average-length":7.142835412229997}}}',5,'text','auto-list',NULL,7,0,'type/Text',NULL,NULL,false,false,false,NULL,NULL),
	 (119,'2024-06-20 04:10:09.61247+02','2024-06-20 04:10:12.283889+02','id','type/Integer','type/PK',true,NULL,true,0,17,NULL,'ID','normal',NULL,'2024-06-20 04:10:12.283889+02',NULL,NULL,NULL,5,'int4',NULL,NULL,0,0,'type/Integer',NULL,NULL,false,false,false,NULL,NULL),
	 (120,'2024-06-20 04:10:09.61247+02','2024-06-20 04:10:12.283889+02','quarter','type/Integer','type/Category',true,NULL,true,5,17,NULL,'Quarter','normal',NULL,'2024-06-20 04:10:12.283889+02',NULL,NULL,'{"global":{"distinct-count":4,"nil%":0.0},"type":{"type/Number":{"min":1.0,"q1":1.510882385662642,"q3":3.507548309178744,"max":4.0,"sd":1.117132515462843,"avg":2.508670520231214}}}',5,'int4','auto-list',NULL,5,0,'type/Integer',NULL,NULL,false,false,false,NULL,NULL),
	 (121,'2024-06-20 04:10:09.61247+02','2024-06-20 04:10:12.283889+02','month_name','type/Text','type/Category',true,NULL,true,8,17,NULL,'Month Name','normal',NULL,'2024-06-20 04:10:12.283889+02',NULL,NULL,'{"global":{"distinct-count":12,"nil%":0.0},"type":{"type/Text":{"percent-json":0.0,"percent-url":0.0,"percent-email":0.0,"percent-state":0.0,"average-length":6.14907210222087}}}',5,'text','auto-list',NULL,8,0,'type/Text',NULL,NULL,false,false,false,NULL,NULL),
	 (122,'2024-06-20 04:10:09.657154+02','2024-06-20 04:10:12.283889+02','time_of_day_label','type/Text','type/Category',true,NULL,true,1,18,NULL,'Time Of Day Label','normal',NULL,'2024-06-20 04:10:12.283889+02',NULL,NULL,'{"global":{"distinct-count":4,"nil%":0.0},"type":{"type/Text":{"percent-json":0.0,"percent-url":0.0,"percent-email":0.0,"percent-state":0.0,"average-length":7.0}}}',5,'text','auto-list',NULL,1,0,'type/Text',NULL,NULL,false,false,false,NULL,NULL),
	 (125,'2024-06-20 04:10:09.742563+02','2024-06-20 04:10:12.283889+02','weekday_iso','type/Integer','type/Category',true,NULL,true,6,19,NULL,'Weekday Iso','normal',NULL,'2024-06-20 04:10:12.283889+02',NULL,NULL,'{"global":{"distinct-count":7,"nil%":0.0},"type":{"type/Number":{"min":1.0,"q1":2.249501197259292,"q3":5.749733759318424,"max":7.0,"sd":2.0001521086057643,"avg":3.9996957712199572}}}',5,'int4','auto-list',NULL,6,0,'type/Integer',NULL,NULL,false,false,false,NULL,NULL),
	 (126,'2024-06-20 04:10:09.742563+02','2024-06-20 04:10:12.283889+02','weekday_name','type/Text','type/Category',true,NULL,true,7,19,NULL,'Weekday Name','normal',NULL,'2024-06-20 04:10:12.283889+02',NULL,NULL,'{"global":{"distinct-count":7,"nil%":0.0},"type":{"type/Text":{"percent-json":0.0,"percent-url":0.0,"percent-email":0.0,"percent-state":0.0,"average-length":7.142835412229997}}}',5,'text','auto-list',NULL,7,0,'type/Text',NULL,NULL,false,false,false,NULL,NULL),
	 (127,'2024-06-20 04:10:09.742563+02','2024-06-20 04:10:12.283889+02','year','type/Integer','type/Category',true,NULL,true,2,19,NULL,'Year','normal',NULL,'2024-06-20 04:10:12.283889+02',NULL,NULL,'{"global":{"distinct-count":18,"nil%":0.0},"type":{"type/Number":{"min":2013.0,"q1":2017.0,"q3":2026.0,"max":2030.0,"sd":5.188131128689841,"avg":2021.5003042287801}}}',5,'int4','auto-list',NULL,2,0,'type/Integer',NULL,NULL,false,false,false,NULL,NULL);
INSERT INTO metabase_field (id,created_at,updated_at,"name",base_type,semantic_type,active,description,preview_display,"position",table_id,parent_id,display_name,visibility_type,fk_target_field_id,last_analyzed,points_of_interest,caveats,fingerprint,fingerprint_version,database_type,has_field_values,settings,database_position,custom_position,effective_type,coercion_strategy,nfc_path,database_required,json_unfolding,database_is_auto_increment,database_indexed,database_partitioned) VALUES
	 (124,'2024-06-20 04:10:09.742563+02','2024-06-20 04:10:58.710196+02','date_day','type/Date','type/CreationDate',true,NULL,true,1,19,NULL,'Date Day','normal',NULL,'2024-06-20 04:10:12.283889+02',NULL,NULL,'{"global":{"distinct-count":6574,"nil%":0.0},"type":{"type/DateTime":{"earliest":"2013-01-01","latest":"2030-12-31"}}}',5,'date',NULL,NULL,1,0,'type/Date',NULL,NULL,false,false,false,NULL,NULL),
	 (118,'2024-06-20 04:10:09.61247+02','2024-06-20 04:12:36.867687+02','day','type/Integer','type/Category',true,NULL,true,4,17,NULL,'Day','normal',NULL,'2024-06-20 04:10:12.283889+02',NULL,NULL,'{"global":{"distinct-count":31,"nil%":0.0},"type":{"type/Number":{"min":1.0,"q1":8.108796296296296,"q3":23.32638888888889,"max":31.0,"sd":8.800334974744898,"avg":15.728627928202007}}}',5,'int4','auto-list',NULL,4,0,'type/Integer',NULL,NULL,false,false,false,NULL,NULL),
	 (123,'2024-06-20 04:10:09.657154+02','2024-06-20 04:13:20.127754+02','time_of_day_hour','type/Integer','type/PK',true,NULL,true,0,18,NULL,'Time Of Day Hour','normal',NULL,'2024-06-20 04:10:12.283889+02',NULL,NULL,'{"global":{"distinct-count":24,"nil%":0.0},"type":{"type/Number":{"min":0.0,"q1":5.5,"q3":17.5,"max":23.0,"sd":7.0710678118654755,"avg":11.5}}}',5,'int4','auto-list',NULL,0,0,'type/Integer',NULL,NULL,false,false,false,NULL,NULL),
	 (87,'2024-06-12 00:37:26.243893+02','2024-06-20 04:15:15.371561+02','started_at_date_fk','type/Integer','type/FK',true,NULL,true,2,11,NULL,'Started At Date Fk','normal',119,'2024-06-12 00:37:28.461152+02',NULL,NULL,'{"global":{"distinct-count":30,"nil%":0.0},"type":{"type/Number":{"min":2.0200401E7,"q1":2.020040781861735E7,"q3":2.020042241651664E7,"max":2.020043E7,"sd":8.442526565873605,"avg":2.02004154591E7}}}',5,'int4','auto-list',NULL,2,0,'type/Integer',NULL,NULL,false,false,false,NULL,NULL),
	 (86,'2024-06-12 00:37:26.243893+02','2024-06-20 04:15:21.434256+02','ended_at_date_fk','type/Integer','type/FK',true,NULL,true,3,11,NULL,'Ended At Date Fk','normal',132,'2024-06-12 00:37:28.461152+02',NULL,NULL,'{"global":{"distinct-count":33,"nil%":0.0},"type":{"type/Number":{"min":2.0200401E7,"q1":2.0200407837128814E7,"q3":2.020042242893076E7,"max":2.0200504E7,"sd":8.655728840148322,"avg":2.02004155071E7}}}',5,'int4','auto-list',NULL,3,0,'type/Integer',NULL,NULL,false,false,false,NULL,NULL),
	 (81,'2024-06-12 00:37:26.187311+02','2024-06-20 04:11:24.469746+02','day','type/Integer','type/Category',true,NULL,true,4,10,NULL,'Day','normal',NULL,'2024-06-12 00:37:28.461152+02',NULL,NULL,'{"global":{"distinct-count":31,"nil%":0.0},"type":{"type/Number":{"min":1.0,"q1":8.108796296296296,"q3":23.32638888888889,"max":31.0,"sd":8.800334974744898,"avg":15.728627928202007}}}',5,'int4','auto-list',NULL,4,0,'type/Integer',NULL,NULL,false,false,false,NULL,NULL),
	 (116,'2024-06-20 04:10:09.61247+02','2024-06-20 04:12:41.057025+02','week_of_year','type/Integer','type/Category',true,NULL,true,10,17,NULL,'Week Of Year','normal',NULL,'2024-06-20 04:10:12.283889+02',NULL,NULL,'{"global":{"distinct-count":53,"nil%":0.0},"type":{"type/Number":{"min":1.0,"q1":13.535714285714286,"q3":39.62301587301587,"max":53.0,"sd":15.062083649464066,"avg":26.58077274110131}}}',5,'int4','auto-list',NULL,10,0,'type/Integer',NULL,NULL,false,false,false,NULL,NULL),
	 (136,'2024-06-20 04:10:09.783147+02','2024-06-20 04:13:29.971083+02','time_of_day_hour','type/Integer','type/PK',true,NULL,true,0,20,NULL,'Time Of Day Hour','normal',NULL,'2024-06-20 04:10:12.283889+02',NULL,NULL,'{"global":{"distinct-count":24,"nil%":0.0},"type":{"type/Number":{"min":0.0,"q1":5.5,"q3":17.5,"max":23.0,"sd":7.0710678118654755,"avg":11.5}}}',5,'int4','auto-list',NULL,0,0,'type/Integer',NULL,NULL,false,false,false,NULL,NULL);
INSERT INTO collection (id,"name",description,archived,"location",personal_owner_id,slug,"namespace",authority_level,entity_id,created_at,"type") VALUES
	 (2,'Divvy',NULL,false,'/',NULL,'divvy',NULL,NULL,'q624FTvToFvdoo_LDqC1R','2024-06-12 01:05:44.315239+02',NULL);
INSERT INTO report_dashboard (id,created_at,updated_at,"name",description,creator_id,parameters,points_of_interest,caveats,show_in_getting_started,public_uuid,made_public_by_id,enable_embedding,embedding_params,archived,"position",collection_id,collection_position,cache_ttl,entity_id,auto_apply_filters,width,initially_published_at) VALUES
	 (1,'2024-06-12 01:05:58.826217+02','2024-06-20 04:27:45.791555+02','Divvy postgres',NULL,1,'[{"name":"Year","slug":"year","id":"3251aba3","type":"string/=","sectionId":"string"},{"name":"Month","slug":"month","id":"5fe50bd6","type":"string/=","sectionId":"string"},{"name":"Weekday Name","slug":"weekday_name","id":"4d4be406","type":"string/=","sectionId":"string"},{"name":"Time of day","slug":"time_of_day","id":"393d44fc","type":"string/=","sectionId":"string"},{"name":"Start station","slug":"start_station","id":"540d0a18","type":"string/=","sectionId":"string"},{"name":"End station","slug":"end_station","id":"f2fc4c7b","type":"string/=","sectionId":"string"},{"name":"Rideable type","slug":"rideable_type","id":"7765c9f6","type":"string/=","sectionId":"string"},{"name":"Rent type","slug":"rent_type","id":"6c2128a1","type":"string/=","sectionId":"string"}]',NULL,NULL,false,NULL,NULL,false,NULL,false,NULL,2,NULL,NULL,'NOrofcTbucTPssNzYKUxD',true,'fixed',NULL),
	 (2,'2024-08-03 22:29:24.955409+02','2024-08-03 23:10:46.575823+02','Divvy2',NULL,1,'[{"name":"Rent type","slug":"rent_type","id":"b9f5e5b","type":"string/=","sectionId":"string"},{"name":"Rideable type","slug":"rideable_type","id":"831d44db","type":"string/=","sectionId":"string"}]',NULL,NULL,false,NULL,NULL,false,NULL,false,NULL,2,NULL,NULL,'0g7qkZvspl-KtA7M_tgS7',true,'fixed',NULL);
INSERT INTO report_card (id,created_at,updated_at,"name",description,display,dataset_query,visualization_settings,creator_id,database_id,table_id,query_type,archived,collection_id,public_uuid,made_public_by_id,enable_embedding,embedding_params,cache_ttl,result_metadata,collection_position,dataset,entity_id,parameters,parameter_mappings,collection_preview,metabase_version,"type",initially_published_at) VALUES
	 (2,'2024-06-12 02:22:13.599077+02','2024-06-19 03:04:44.037709+02','Number of rides vs weekday',NULL,'bar','{"database":2,"type":"query","query":{"aggregation":[["count"]],"breakout":[["field",76,{"base-type":"type/Text","source-field":87}],["field",75,{"base-type":"type/Integer","source-field":87}]],"order-by":[["asc",["field",75,{"base-type":"type/Integer","source-field":87}]]],"source-table":"card__9"}}','{"graph.dimensions":["weekday_name"],"graph.metrics":["count"],"graph.x_axis.title_text":"Weekday Name"}',1,2,11,'query',false,2,NULL,NULL,false,NULL,NULL,'[{"description":null,"semantic_type":"type/Category","table_id":10,"coercion_strategy":null,"name":"weekday_name","settings":null,"source":"breakout","fk_target_field_id":null,"fk_field_id":87,"field_ref":["field",76,{"base-type":"type/Text","source-field":87}],"effective_type":"type/Text","nfc_path":null,"parent_id":null,"id":76,"position":7,"visibility_type":"normal","display_name":"Started At Date Fk → Weekday Name","fingerprint":{"global":{"distinct-count":7,"nil%":0.0},"type":{"type/Text":{"percent-json":0.0,"percent-url":0.0,"percent-email":0.0,"percent-state":0.0,"average-length":9.0}}},"base_type":"type/Text","source_alias":"dim_date__via__started_at_date_fk"},{"description":null,"semantic_type":"type/Category","table_id":10,"coercion_strategy":null,"name":"weekday_iso","settings":null,"source":"breakout","fk_target_field_id":null,"fk_field_id":87,"field_ref":["field",75,{"base-type":"type/Integer","source-field":87}],"effective_type":"type/Integer","nfc_path":null,"parent_id":null,"id":75,"position":6,"visibility_type":"normal","display_name":"Started At Date Fk → Weekday Iso","fingerprint":{"global":{"distinct-count":7,"nil%":0.0},"type":{"type/Number":{"min":1.0,"q1":2.249501197259292,"q3":5.749733759318424,"max":7.0,"sd":2.0001521086057643,"avg":3.9996957712199572}}},"base_type":"type/Integer","source_alias":"dim_date__via__started_at_date_fk"},{"base_type":"type/Integer","name":"count","display_name":"Count","semantic_type":"type/Quantity","source":"aggregation","field_ref":["aggregation",0],"aggregation_index":0}]',NULL,false,'VSOZRtrYaFRIdWUO-LJ6L','[]','[]',true,'v0.49.3 (dba0992)','question',NULL),
	 (3,'2024-06-12 02:49:30.907402+02','2024-06-19 03:02:23.722359+02','Number of rides vs month',NULL,'bar','{"database":2,"type":"query","query":{"aggregation":[["count"]],"breakout":[["field",78,{"base-type":"type/Integer","source-field":87}],["field",84,{"base-type":"type/Text","source-field":87}]],"order-by":[["asc",["field",78,{"base-type":"type/Integer","source-field":87}]]],"source-table":"card__9"}}','{"graph.dimensions":["month_name"],"graph.series_order_dimension":null,"graph.series_order":null,"graph.metrics":["count"],"graph.x_axis.title_text":"Month"}',1,2,11,'query',false,2,NULL,NULL,false,NULL,NULL,'[{"description":null,"semantic_type":"type/Category","table_id":10,"coercion_strategy":null,"name":"month","settings":null,"source":"breakout","fk_target_field_id":null,"fk_field_id":87,"field_ref":["field",78,{"base-type":"type/Integer","source-field":87}],"effective_type":"type/Integer","nfc_path":null,"parent_id":null,"id":78,"position":3,"visibility_type":"normal","display_name":"Started At Date Fk → Month","fingerprint":{"global":{"distinct-count":12,"nil%":0.0},"type":{"type/Number":{"min":1.0,"q1":3.5396432500646267,"q3":9.518664598715468,"max":12.0,"sd":3.44887105741937,"avg":6.523273501673258}}},"base_type":"type/Integer","source_alias":"dim_date__via__started_at_date_fk"},{"description":null,"semantic_type":"type/Category","table_id":10,"coercion_strategy":null,"name":"month_name","settings":null,"source":"breakout","fk_target_field_id":null,"fk_field_id":87,"field_ref":["field",84,{"base-type":"type/Text","source-field":87}],"effective_type":"type/Text","nfc_path":null,"parent_id":null,"id":84,"position":8,"visibility_type":"normal","display_name":"Started At Date Fk → Month Name","fingerprint":{"global":{"distinct-count":12,"nil%":0.0},"type":{"type/Text":{"percent-json":0.0,"percent-url":0.0,"percent-email":0.0,"percent-state":0.0,"average-length":9.0}}},"base_type":"type/Text","source_alias":"dim_date__via__started_at_date_fk"},{"base_type":"type/Integer","name":"count","display_name":"Count","semantic_type":"type/Quantity","source":"aggregation","field_ref":["aggregation",0],"aggregation_index":0}]',NULL,false,'A3WaWWerXkGr-dz6eEJ16','[]','[]',true,'v0.49.3 (dba0992)','question',NULL),
	 (5,'2024-06-16 04:17:15.72854+02','2024-06-16 23:20:53.710917+02','Number of rides by starting position',NULL,'map','{"database":2,"type":"native","native":{"template-tags":{},"collection":"fct_rides","query":"SELECT\n  (\n    FLOOR(((\"dwh_core\".\"fct_rides\".\"start_lat\" - 41.6) / 0.01)) * 0.01\n  ) + 41.6 AS \"start_lat\",\n  (\n    FLOOR(((\"dwh_core\".\"fct_rides\".\"start_lng\" - -87.9) / 0.01)) * 0.01\n  ) + -87.9 AS \"start_lng\",\n  COUNT(*) AS \"count\"\nFROM\n  \"dwh_core\".\"fct_rides\"\nGROUP BY\n  (\n    FLOOR(((\"dwh_core\".\"fct_rides\".\"start_lat\" - 41.6) / 0.01)) * 0.01\n  ) + 41.6,\n  (\n    FLOOR(((\"dwh_core\".\"fct_rides\".\"start_lng\" - -87.9) / 0.01)) * 0.01\n  ) + -87.9\nORDER BY\n  (\n    FLOOR(((\"dwh_core\".\"fct_rides\".\"start_lat\" - 41.6) / 0.01)) * 0.01\n  ) + 41.6 ASC,\n  (\n    FLOOR(((\"dwh_core\".\"fct_rides\".\"start_lng\" - -87.9) / 0.01)) * 0.01\n  ) + -87.9 ASC"}}','{"map.type":"grid","table.cell_column":"start_lat","map.latitude_column":"start_lat","map.longitude_column":"start_lng","map.metric_column":"count"}',1,2,11,'native',true,2,NULL,NULL,false,NULL,NULL,'[{"display_name":"start_lat","field_ref":["field","start_lat",{"base-type":"type/Float"}],"name":"start_lat","base_type":"type/Float","effective_type":"type/Float","semantic_type":"type/Latitude","fingerprint":{"global":{"distinct-count":43,"nil%":0.0},"type":{"type/Number":{"min":41.63,"q1":41.754881154157154,"q3":41.925579506366375,"max":42.06,"sd":0.10283956337505144,"avg":41.844556650246304}}}},{"display_name":"start_lng","field_ref":["field","start_lng",{"base-type":"type/Float"}],"name":"start_lng","base_type":"type/Float","effective_type":"type/Float","semantic_type":"type/Longitude","fingerprint":{"global":{"distinct-count":26,"nil%":0.0},"type":{"type/Number":{"min":-87.78,"q1":-87.6969538708087,"q3":-87.62543315113129,"max":-87.53,"sd":0.05248935971502957,"avg":-87.66041871921183}}}},{"display_name":"count","field_ref":["field","count",{"base-type":"type/BigInteger"}],"name":"count","base_type":"type/BigInteger","effective_type":"type/BigInteger","semantic_type":"type/Quantity","fingerprint":{"global":{"distinct-count":196,"nil%":0.0},"type":{"type/Number":{"min":1.0,"q1":8.209666878151092,"q3":230.47891822510283,"max":8973.0,"sd":932.1104140672802,"avg":360.72906403940885}}}}]',NULL,false,'9LmvtaOaJMhUIY8Owiu5c','[]','[]',true,'v0.49.3 (dba0992)','question',NULL),
	 (4,'2024-06-16 04:00:02.148221+02','2024-06-19 03:07:21.740081+02','Number of rides vs time of day',NULL,'row','{"database":2,"type":"query","query":{"aggregation":[["count"]],"breakout":[["field",91,{"base-type":"type/Text","source-field":90}]],"order-by":[["desc",["aggregation",0]]],"source-table":"card__9"}}','{"graph.dimensions":["time_of_day_label"],"graph.metrics":["count"],"graph.x_axis.title_text":"Time Of Day"}',1,2,11,'query',false,2,NULL,NULL,false,NULL,NULL,'[{"description":null,"semantic_type":"type/Category","table_id":12,"coercion_strategy":null,"name":"time_of_day_label","settings":null,"source":"breakout","fk_target_field_id":null,"fk_field_id":90,"field_ref":["field",91,{"base-type":"type/Text","source-field":90}],"effective_type":"type/Text","nfc_path":null,"parent_id":null,"id":91,"position":1,"visibility_type":"normal","display_name":"Started At Time Of Day Fk → Time Of Day Label","fingerprint":{"global":{"distinct-count":4,"nil%":0.0},"type":{"type/Text":{"percent-json":0.0,"percent-url":0.0,"percent-email":0.0,"percent-state":0.0,"average-length":7.0}}},"base_type":"type/Text","source_alias":"dim_time_of_day__via__started_at_time_of_day_fk"},{"base_type":"type/Integer","name":"count","display_name":"Count","semantic_type":"type/Quantity","source":"aggregation","field_ref":["aggregation",0],"aggregation_index":0}]',NULL,false,'XoXWrguaKxdhn-ocxA5eB','[]','[]',true,'v0.49.3 (dba0992)','question',NULL),
	 (7,'2024-06-17 13:07:53.452838+02','2024-06-19 02:59:31.210948+02','Number of rides vs year',NULL,'bar','{"database":2,"type":"query","query":{"aggregation":[["count"]],"breakout":[["field",77,{"base-type":"type/Integer","source-field":87}]],"source-table":"card__9"}}','{"graph.x_axis.title_text":"Year","graph.x_axis.scale":"histogram","graph.dimensions":["year"],"graph.metrics":["count"]}',1,2,11,'query',false,2,NULL,NULL,false,NULL,NULL,'[{"description":null,"semantic_type":"type/Category","table_id":10,"coercion_strategy":null,"name":"year","settings":null,"source":"breakout","fk_target_field_id":null,"fk_field_id":87,"field_ref":["field",77,{"base-type":"type/Integer","source-field":87}],"effective_type":"type/Integer","nfc_path":null,"parent_id":null,"id":77,"position":2,"visibility_type":"normal","display_name":"Started At Date Fk → Year","fingerprint":{"global":{"distinct-count":18,"nil%":0.0},"type":{"type/Number":{"min":2013.0,"q1":2017.0,"q3":2026.0,"max":2030.0,"sd":5.188131128689841,"avg":2021.5003042287801}}},"base_type":"type/Integer","source_alias":"dim_date__via__started_at_date_fk"},{"base_type":"type/Integer","name":"count","display_name":"Count","semantic_type":"type/Quantity","source":"aggregation","field_ref":["aggregation",0],"aggregation_index":0}]',NULL,false,'TfLJjsTr43vxv4Sk8Dloi','[]','[]',true,'v0.49.3 (dba0992)','question',NULL),
	 (6,'2024-06-16 22:38:08.468791+02','2024-06-19 04:27:19.331291+02','Number of rides by start location',NULL,'map','{"database":2,"type":"query","query":{"aggregation":[["count"]],"breakout":[["field",96,{"base-type":"type/Float","binning":{"strategy":"bin-width","bin-width":0.01,"lib/type":"metabase.lib.binning/binning"}}],["field",95,{"base-type":"type/Float","binning":{"strategy":"bin-width","bin-width":0.01,"lib/type":"metabase.lib.binning/binning"}}]],"source-table":"card__9","filter":["inside",["field",95,{"base-type":"type/Float","binning":{"bin-width":0.01,"lib/type":"metabase.lib.binning/binning","min-value":41.800000000000004,"max-value":41.910000000000004,"num-bins":11,"strategy":"bin-width"}}],["field",96,{"base-type":"type/Float","binning":{"bin-width":0.01,"lib/type":"metabase.lib.binning/binning","min-value":-87.7,"max-value":-87.60000000000001,"num-bins":10,"strategy":"bin-width"}}],46.43795812488797,-94.93837651456664,37.006379790913336,-77.37677948573162]}}','{"map.type":"grid"}',1,2,11,'query',false,2,NULL,NULL,false,NULL,NULL,'[{"description":null,"semantic_type":"type/Longitude","table_id":11,"coercion_strategy":null,"binning_info":{"bin_width":0.01,"lib/type":"metabase.lib.binning/binning","min_value":-87.78,"max_value":-87.52,"num_bins":27,"binning_strategy":"bin-width"},"name":"start_lng","settings":null,"source":"breakout","fk_target_field_id":null,"field_ref":["field",96,{"base-type":"type/Float","binning":{"strategy":"bin-width","bin-width":0.01,"lib/type":"metabase.lib.binning/binning","min-value":-87.78,"max-value":-87.52,"num-bins":27}}],"effective_type":"type/Float","nfc_path":null,"parent_id":null,"id":96,"position":9,"visibility_type":"normal","display_name":"Start Lng","fingerprint":{"global":{"distinct-count":3035,"nil%":0.0},"type":{"type/Number":{"min":-87.774446,"q1":-87.66053961201675,"q3":-87.62970772824151,"max":-87.52823173999786,"sd":0.026489383816151887,"avg":-87.64637279140966}}},"base_type":"type/Float"},{"description":null,"semantic_type":"type/Latitude","table_id":11,"coercion_strategy":null,"binning_info":{"bin_width":0.01,"lib/type":"metabase.lib.binning/binning","min_value":41.68,"max_value":42.07,"num_bins":40,"binning_strategy":"bin-width"},"name":"start_lat","settings":null,"source":"breakout","fk_target_field_id":null,"field_ref":["field",95,{"base-type":"type/Float","binning":{"strategy":"bin-width","bin-width":0.01,"lib/type":"metabase.lib.binning/binning","min-value":41.68,"max-value":42.07,"num-bins":40}}],"effective_type":"type/Float","nfc_path":null,"parent_id":null,"id":95,"position":8,"visibility_type":"normal","display_name":"Start Lat","fingerprint":{"global":{"distinct-count":3049,"nil%":0.0},"type":{"type/Number":{"min":41.68,"q1":41.88236476402309,"q3":41.93041340737823,"max":42.064854,"sd":0.046257671504609986,"avg":41.9027919484119}}},"base_type":"type/Float"},{"base_type":"type/Integer","name":"count","display_name":"Count","semantic_type":"type/Quantity","source":"aggregation","field_ref":["aggregation",0],"aggregation_index":0}]',NULL,false,'777f0_WMfY-ES9wdqMIoi','[]','[]',true,'v0.49.3 (dba0992)','question',NULL),
	 (8,'2024-06-17 13:18:00.721937+02','2024-06-19 04:32:30.835452+02','Number of rides by end location',NULL,'map','{"database":2,"type":"query","query":{"aggregation":[["count"]],"breakout":[["field",93,{"base-type":"type/Float","binning":{"strategy":"bin-width","bin-width":0.01,"lib/type":"metabase.lib.binning/binning"}}],["field",94,{"base-type":"type/Float","binning":{"strategy":"bin-width","bin-width":0.01,"lib/type":"metabase.lib.binning/binning"}}]],"source-table":"card__9","filter":["inside",["field",93,{"base-type":"type/Float","binning":{"bin-width":0.01,"lib/type":"metabase.lib.binning/binning","min-value":41.800000000000004,"max-value":41.910000000000004,"num-bins":11,"strategy":"bin-width"}}],["field",94,{"base-type":"type/Float","binning":{"bin-width":0.01,"lib/type":"metabase.lib.binning/binning","min-value":-87.7,"max-value":-87.60000000000001,"num-bins":10,"strategy":"bin-width"}}],47.14521522773192,-98.61698937856941,36.1566260944691,-76.36894034490895]}}','{"map.type":"grid"}',1,2,11,'query',false,2,NULL,NULL,false,NULL,NULL,'[{"description":null,"semantic_type":"type/Latitude","table_id":11,"coercion_strategy":null,"binning_info":{"bin_width":0.01,"lib/type":"metabase.lib.binning/binning","min_value":41.68,"max_value":42.07,"num_bins":40,"binning_strategy":"bin-width"},"name":"end_lat","settings":null,"source":"breakout","fk_target_field_id":null,"field_ref":["field",93,{"base-type":"type/Float","binning":{"strategy":"bin-width","bin-width":0.01,"lib/type":"metabase.lib.binning/binning","min-value":41.68,"max-value":42.07,"num-bins":40}}],"effective_type":"type/Float","nfc_path":null,"parent_id":null,"id":93,"position":10,"visibility_type":"normal","display_name":"End Lat","fingerprint":{"global":{"distinct-count":2878,"nil%":0.0013},"type":{"type/Number":{"min":41.68,"q1":41.88245904333142,"q3":41.93119777931498,"max":42.064854,"sd":0.046465881882911765,"avg":41.90304013708457}}},"base_type":"type/Float"},{"description":null,"semantic_type":"type/Longitude","table_id":11,"coercion_strategy":null,"binning_info":{"bin_width":0.01,"lib/type":"metabase.lib.binning/binning","min_value":-87.78,"max_value":-87.53,"num_bins":25,"binning_strategy":"bin-width"},"name":"end_lng","settings":null,"source":"breakout","fk_target_field_id":null,"field_ref":["field",94,{"base-type":"type/Float","binning":{"strategy":"bin-width","bin-width":0.01,"lib/type":"metabase.lib.binning/binning","min-value":-87.78,"max-value":-87.53,"num-bins":25}}],"effective_type":"type/Float","nfc_path":null,"parent_id":null,"id":94,"position":11,"visibility_type":"normal","display_name":"End Lng","fingerprint":{"global":{"distinct-count":2871,"nil%":0.0013},"type":{"type/Number":{"min":-87.774446,"q1":-87.66136222166664,"q3":-87.62968824112457,"max":-87.53481388092041,"sd":0.02653074444593018,"avg":-87.64677038804705}}},"base_type":"type/Float"},{"base_type":"type/Integer","name":"count","display_name":"Count","semantic_type":"type/Quantity","source":"aggregation","field_ref":["aggregation",0],"aggregation_index":0}]',NULL,false,'eEsaoiGoiTQ1TB95gqf12','[]','[]',true,'v0.49.3 (dba0992)','question',NULL),
	 (10,'2024-06-19 13:18:12.479368+02','2024-06-19 13:18:12.479368+02','Number of rides vs rideable type',NULL,'pie','{"database":2,"type":"query","query":{"aggregation":[["count"]],"breakout":[["field",73,{"base-type":"type/Text","source-field":85}]],"source-table":"card__9"}}','{}',1,2,11,'query',false,2,NULL,NULL,false,NULL,NULL,'[{"description":null,"semantic_type":"type/Name","coercion_strategy":null,"name":"name","settings":null,"fk_target_field_id":null,"field_ref":["field",73,{"base-type":"type/Text","source-field":85}],"effective_type":"type/Text","id":73,"visibility_type":"normal","display_name":"Rideable Type Fk → Name","fingerprint":{"global":{"distinct-count":1,"nil%":0},"type":{"type/Text":{"percent-json":0,"percent-url":0,"percent-email":0,"percent-state":0,"average-length":11}}},"base_type":"type/Text"},{"display_name":"Count","semantic_type":"type/Quantity","field_ref":["aggregation",0],"name":"count","base_type":"type/BigInteger","effective_type":"type/BigInteger","fingerprint":{"global":{"distinct-count":3,"nil%":0},"type":{"type/Number":{"min":3377,"q1":14124.5,"q3":84125.75,"max":96712,"sd":46715.77419173671,"avg":48818.666666666664}}}}]',NULL,false,'Bb40WOgvI5ToXGKe2uWIY','[]','[]',true,'v0.49.3 (dba0992)','question',NULL),
	 (11,'2024-06-19 13:26:04.720715+02','2024-06-19 13:26:04.720715+02','Number of rides vs rent type',NULL,'pie','{"database":2,"type":"query","query":{"aggregation":[["count"]],"breakout":[["field",104,{"base-type":"type/Text","source-field":97}]],"source-table":"card__9"}}','{}',1,2,11,'query',false,2,NULL,NULL,false,NULL,NULL,'[{"description":null,"semantic_type":"type/Name","coercion_strategy":null,"name":"name","settings":null,"fk_target_field_id":null,"field_ref":["field",104,{"base-type":"type/Text","source-field":97}],"effective_type":"type/Text","id":104,"visibility_type":"normal","display_name":"Rent Type Fk → Name","fingerprint":{"global":{"distinct-count":2,"nil%":0},"type":{"type/Text":{"percent-json":0,"percent-url":0,"percent-email":0,"percent-state":0,"average-length":6}}},"base_type":"type/Text"},{"display_name":"Count","semantic_type":"type/Quantity","field_ref":["aggregation",0],"name":"count","base_type":"type/BigInteger","effective_type":"type/BigInteger","fingerprint":{"global":{"distinct-count":2,"nil%":0},"type":{"type/Number":{"min":28248,"q1":28248,"q3":118208,"max":118208,"sd":63611.32603554182,"avg":73228}}}}]',NULL,false,'K8yATV2Z0CDH7FKjOP1s0','[]','[]',true,'v0.49.3 (dba0992)','question',NULL),
	 (1,'2024-06-12 02:20:38.981095+02','2024-06-19 14:40:12.788796+02','Number of rides over time',NULL,'line','{"database":2,"type":"query","query":{"aggregation":[["count"]],"breakout":[["field",74,{"base-type":"type/Date","temporal-unit":"day","source-field":87}]],"source-table":"card__9"}}','{"graph.dimensions":["Date - Started At Date Fk_2__date_day"],"graph.x_axis.title_text":"Date","graph.metrics":["count"]}',1,2,11,'query',false,2,NULL,NULL,false,NULL,NULL,'[{"description":null,"semantic_type":"type/CreationDate","table_id":10,"coercion_strategy":null,"unit":"day","name":"date_day","settings":null,"source":"breakout","fk_target_field_id":null,"fk_field_id":87,"field_ref":["field",74,{"base-type":"type/Date","temporal-unit":"day","source-field":87}],"effective_type":"type/Date","nfc_path":null,"parent_id":null,"id":74,"position":1,"visibility_type":"normal","display_name":"Started At Date Fk → Date Day","fingerprint":{"global":{"distinct-count":6574,"nil%":0.0},"type":{"type/DateTime":{"earliest":"2013-01-01","latest":"2030-12-31"}}},"base_type":"type/Date","source_alias":"dim_date__via__started_at_date_fk"},{"base_type":"type/Integer","name":"count","display_name":"Count","semantic_type":"type/Quantity","source":"aggregation","field_ref":["aggregation",0],"aggregation_index":0}]',NULL,false,'7OxYna3w8H42gmJKE_j-d','[]','[]',true,'v0.49.3 (dba0992)','question',NULL);
INSERT INTO report_card (id,created_at,updated_at,"name",description,display,dataset_query,visualization_settings,creator_id,database_id,table_id,query_type,archived,collection_id,public_uuid,made_public_by_id,enable_embedding,embedding_params,cache_ttl,result_metadata,collection_position,dataset,entity_id,parameters,parameter_mappings,collection_preview,metabase_version,"type",initially_published_at) VALUES
	 (12,'2024-06-19 14:26:06.724+02','2024-06-19 14:28:12.034501+02','Rides join all sql',NULL,'table','{"database":2,"type":"native","native":{"template-tags":{},"collection":"fct_rides","query":"SELECT\n  \"dwh_core\".\"fct_rides\".\"ride_id\" AS \"ride_id\",\n  \"dwh_core\".\"fct_rides\".\"rideable_type_fk\" AS \"rideable_type_fk\",\n  \"dwh_core\".\"fct_rides\".\"started_at_date_fk\" AS \"started_at_date_fk\",\n  \"dwh_core\".\"fct_rides\".\"ended_at_date_fk\" AS \"ended_at_date_fk\",\n  \"dwh_core\".\"fct_rides\".\"started_at_time_of_day_fk\" AS \"started_at_time_of_day_fk\",\n  \"dwh_core\".\"fct_rides\".\"ended_at_time_of_day_fk\" AS \"ended_at_time_of_day_fk\",\n  \"dwh_core\".\"fct_rides\".\"start_station_fk\" AS \"start_station_fk\",\n  \"dwh_core\".\"fct_rides\".\"end_station_fk\" AS \"end_station_fk\",\n  \"dwh_core\".\"fct_rides\".\"start_lat\" AS \"start_lat\",\n  \"dwh_core\".\"fct_rides\".\"start_lng\" AS \"start_lng\",\n  \"dwh_core\".\"fct_rides\".\"end_lat\" AS \"end_lat\",\n  \"dwh_core\".\"fct_rides\".\"end_lng\" AS \"end_lng\",\n  \"dwh_core\".\"fct_rides\".\"rent_type_fk\" AS \"rent_type_fk\"\nFROM\n  \"dwh_core\".\"fct_rides\"\n \nLEFT JOIN \"dwh_core\".\"dim_date\" AS \"Date - Started At Date Fk\" ON \"dwh_core\".\"fct_rides\".\"started_at_date_fk\" = \"Date - Started At Date Fk\".\"id\"\n  LEFT JOIN \"dwh_core\".\"dim_date\" AS \"Date - Started At Date Fk_2\" ON \"dwh_core\".\"fct_rides\".\"ended_at_date_fk\" = \"Date - Started At Date Fk_2\".\"id\"\n  LEFT JOIN \"dwh_core\".\"dim_time_of_day\" AS \"Time Of Day - Started At Time Of Day Fk\" ON \"dwh_core\".\"fct_rides\".\"started_at_time_of_day_fk\" = \"Time Of Day - Started At Time Of Day Fk\".\"time_of_day_hour\"\n  LEFT JOIN \"dwh_core\".\"dim_time_of_day\" AS \"Time Of Day - Started At Time Of Day Fk_2\" ON \"dwh_core\".\"fct_rides\".\"ended_at_time_of_day_fk\" = \"Time Of Day - Started At Time Of Day Fk_2\".\"time_of_day_hour\"\n  LEFT JOIN \"dwh_core\".\"dim_rideable_type\" AS \"Rideable Type - Rideable Type Fk\" ON \"dwh_core\".\"fct_rides\".\"rideable_type_fk\" = \"Rideable Type - Rideable Type Fk\".\"id\"\n  LEFT JOIN \"dwh_core\".\"dim_rent_type\" AS \"Rent Type - Rent Type Fk\" ON \"dwh_core\".\"fct_rides\".\"rent_type_fk\" = \"Rent Type - Rent Type Fk\".\"id\"\n  LEFT JOIN \"dwh_core\".\"dim_station\" AS \"Station - Start Station Fk\" ON \"dwh_core\".\"fct_rides\".\"start_station_fk\" = \"Station - Start Station Fk\".\"station_pk\"\n  LEFT JOIN \"dwh_core\".\"dim_station\" AS \"Station - End Station Fk\" ON \"dwh_core\".\"fct_rides\".\"end_station_fk\" = \"Station - End Station Fk\".\"station_pk\"\n"}}','{"table.pivot_column":"year","table.cell_column":"start_lat"}',1,2,NULL,'native',true,2,NULL,NULL,false,NULL,NULL,'[{"display_name":"ride_id","field_ref":["field","ride_id",{"base-type":"type/Text"}],"name":"ride_id","base_type":"type/Text","effective_type":"type/Text","semantic_type":null,"fingerprint":{"global":{"distinct-count":1,"nil%":0.0},"type":{"type/Text":{"percent-json":0.0,"percent-url":0.0,"percent-email":0.0,"percent-state":0.0,"average-length":16.0}}}},{"display_name":"rideable_type_fk","field_ref":["field","rideable_type_fk",{"base-type":"type/BigInteger"}],"name":"rideable_type_fk","base_type":"type/BigInteger","effective_type":"type/BigInteger","semantic_type":null,"fingerprint":{"global":{"distinct-count":1,"nil%":0.0},"type":{"type/Number":{"min":2.0,"q1":2.0,"q3":2.0,"max":2.0,"sd":null,"avg":2.0}}}},{"display_name":"started_at_date_fk","field_ref":["field","started_at_date_fk",{"base-type":"type/Integer"}],"name":"started_at_date_fk","base_type":"type/Integer","effective_type":"type/Integer","semantic_type":null,"fingerprint":{"global":{"distinct-count":1,"nil%":0.0},"type":{"type/Number":{"min":2.0210101E7,"q1":2.0210101E7,"q3":2.0210101E7,"max":2.0210101E7,"sd":null,"avg":2.0210101E7}}}},{"display_name":"ended_at_date_fk","field_ref":["field","ended_at_date_fk",{"base-type":"type/Integer"}],"name":"ended_at_date_fk","base_type":"type/Integer","effective_type":"type/Integer","semantic_type":null,"fingerprint":{"global":{"distinct-count":1,"nil%":0.0},"type":{"type/Number":{"min":2.0210101E7,"q1":2.0210101E7,"q3":2.0210101E7,"max":2.0210101E7,"sd":null,"avg":2.0210101E7}}}},{"display_name":"started_at_time_of_day_fk","field_ref":["field","started_at_time_of_day_fk",{"base-type":"type/Integer"}],"name":"started_at_time_of_day_fk","base_type":"type/Integer","effective_type":"type/Integer","semantic_type":null,"fingerprint":{"global":{"distinct-count":1,"nil%":0.0},"type":{"type/Number":{"min":15.0,"q1":15.0,"q3":15.0,"max":15.0,"sd":null,"avg":15.0}}}},{"display_name":"ended_at_time_of_day_fk","field_ref":["field","ended_at_time_of_day_fk",{"base-type":"type/Integer"}],"name":"ended_at_time_of_day_fk","base_type":"type/Integer","effective_type":"type/Integer","semantic_type":null,"fingerprint":{"global":{"distinct-count":1,"nil%":0.0},"type":{"type/Number":{"min":16.0,"q1":16.0,"q3":16.0,"max":16.0,"sd":null,"avg":16.0}}}},{"display_name":"start_station_fk","field_ref":["field","start_station_fk",{"base-type":"type/Text"}],"name":"start_station_fk","base_type":"type/Text","effective_type":"type/Text","semantic_type":null,"fingerprint":{"global":{"distinct-count":1,"nil%":0.0},"type":{"type/Text":{"percent-json":0.0,"percent-url":0.0,"percent-email":0.0,"percent-state":0.0,"average-length":32.0}}}},{"display_name":"end_station_fk","field_ref":["field","end_station_fk",{"base-type":"type/Text"}],"name":"end_station_fk","base_type":"type/Text","effective_type":"type/Text","semantic_type":null,"fingerprint":{"global":{"distinct-count":1,"nil%":0.0},"type":{"type/Text":{"percent-json":0.0,"percent-url":0.0,"percent-email":0.0,"percent-state":0.0,"average-length":32.0}}}},{"display_name":"start_lat","field_ref":["field","start_lat",{"base-type":"type/Float"}],"name":"start_lat","base_type":"type/Float","effective_type":"type/Float","semantic_type":"type/Latitude","fingerprint":{"global":{"distinct-count":1,"nil%":0.0},"type":{"type/Number":{"min":41.877708,"q1":41.877708,"q3":41.877708,"max":41.877708,"sd":null,"avg":41.877708}}}},{"display_name":"start_lng","field_ref":["field","start_lng",{"base-type":"type/Float"}],"name":"start_lng","base_type":"type/Float","effective_type":"type/Float","semantic_type":"type/Longitude","fingerprint":{"global":{"distinct-count":1,"nil%":0.0},"type":{"type/Number":{"min":-87.635321,"q1":-87.635321,"q3":-87.635321,"max":-87.635321,"sd":null,"avg":-87.635321}}}},{"display_name":"end_lat","field_ref":["field","end_lat",{"base-type":"type/Float"}],"name":"end_lat","base_type":"type/Float","effective_type":"type/Float","semantic_type":"type/Latitude","fingerprint":{"global":{"distinct-count":1,"nil%":0.0},"type":{"type/Number":{"min":41.890762,"q1":41.890762,"q3":41.890762,"max":41.890762,"sd":null,"avg":41.890762}}}},{"display_name":"end_lng","field_ref":["field","end_lng",{"base-type":"type/Float"}],"name":"end_lng","base_type":"type/Float","effective_type":"type/Float","semantic_type":"type/Longitude","fingerprint":{"global":{"distinct-count":1,"nil%":0.0},"type":{"type/Number":{"min":-87.631697,"q1":-87.631697,"q3":-87.631697,"max":-87.631697,"sd":null,"avg":-87.631697}}}},{"display_name":"rent_type_fk","field_ref":["field","rent_type_fk",{"base-type":"type/BigInteger"}],"name":"rent_type_fk","base_type":"type/BigInteger","effective_type":"type/BigInteger","semantic_type":null,"fingerprint":{"global":{"distinct-count":1,"nil%":0.0},"type":{"type/Number":{"min":1.0,"q1":1.0,"q3":1.0,"max":1.0,"sd":null,"avg":1.0}}}}]',NULL,false,'lvovW5eoMlY8hQuwFeyX0','[]','[]',true,'v0.49.3 (dba0992)','question',NULL),
	 (13,'2024-06-19 14:30:00.026388+02','2024-06-19 14:39:23.24084+02','Rides join all sql',NULL,'table','{"database":2,"type":"native","native":{"template-tags":{},"collection":"fct_rides","query":"SELECT\n  \"dwh_core\".\"fct_rides\".\"ride_id\" AS \"ride_id\",\n  \"dwh_core\".\"fct_rides\".\"rideable_type_fk\" AS \"rideable_type_fk\",\n  \"dwh_core\".\"fct_rides\".\"started_at_date_fk\" AS \"started_at_date_fk\",\n  \"dwh_core\".\"fct_rides\".\"ended_at_date_fk\" AS \"ended_at_date_fk\",\n  \"dwh_core\".\"fct_rides\".\"started_at_time_of_day_fk\" AS \"started_at_time_of_day_fk\",\n  \"dwh_core\".\"fct_rides\".\"ended_at_time_of_day_fk\" AS \"ended_at_time_of_day_fk\",\n  \"dwh_core\".\"fct_rides\".\"start_station_fk\" AS \"start_station_fk\",\n  \"dwh_core\".\"fct_rides\".\"end_station_fk\" AS \"end_station_fk\",\n  \"dwh_core\".\"fct_rides\".\"start_lat\" AS \"start_lat\",\n  \"dwh_core\".\"fct_rides\".\"start_lng\" AS \"start_lng\",\n  \"dwh_core\".\"fct_rides\".\"end_lat\" AS \"end_lat\",\n  \"dwh_core\".\"fct_rides\".\"end_lng\" AS \"end_lng\",\n  \"dwh_core\".\"fct_rides\".\"rent_type_fk\" AS \"rent_type_fk\",\n  \"Date - Started At Date Fk\".\"id\" AS \"Date - Started At Date Fk__id\",\n  \"Date - Started At Date Fk\".\"date_day\" AS \"Date - Started At Date Fk__date_day\",\n  \"Date - Started At Date Fk\".\"year\" AS \"Date - Started At Date Fk__year\",\n  \"Date - Started At Date Fk\".\"month\" AS \"Date - Started At Date Fk__month\",\n  \"Date - Started At Date Fk\".\"day\" AS \"Date - Started At Date Fk__day\",\n  \"Date - Started At Date Fk\".\"quarter\" AS \"Date - Started At Date Fk__quarter\",\n  \"Date - Started At Date Fk\".\"weekday_iso\" AS \"Date - Started At Date Fk__weekday_iso\",\n  \"Date - Started At Date Fk\".\"weekday_name\" AS \"Date - Started At Date Fk__weekday_name\",\n  \"Date - Started At Date Fk\".\"month_name\" AS \"Date - Started At Date Fk__month_name\",\n  \"Date - Started At Date Fk\".\"weekday_indicator\" AS \"Date - Started At Date Fk__weekday_indicator\",\n  \"Date - Started At Date Fk\".\"week_of_year\" AS \"Date - Started At Date Fk__week_of_year\",\n  \"Date - Started At Date Fk_2\".\"id\" AS \"Date - Started At Date Fk_2__id\",\n  \"Date - Started At Date Fk_2\".\"date_day\" AS \"Date - Started At Date Fk_2__date_day\",\n  \"Date - Started At Date Fk_2\".\"year\" AS \"Date - Started At Date Fk_2__year\",\n  \"Date - Started At Date Fk_2\".\"month\" AS \"Date - Started At Date Fk_2__month\",\n  \"Date - Started At Date Fk_2\".\"day\" AS \"Date - Started At Date Fk_2__day\",\n  \"Date - Started At Date Fk_2\".\"quarter\" AS \"Date - Started At Date Fk_2__quarter\",\n  \"Date - Started At Date Fk_2\".\"weekday_iso\" AS \"Date - Started At Date Fk_2__weekday_iso\",\n  \"Date - Started At Date Fk_2\".\"weekday_name\" AS \"Date - Started At Date Fk_2__weekday_name\",\n  \"Date - Started At Date Fk_2\".\"month_name\" AS \"Date - Started At Date Fk_2__month_name\",\n  \"Date - Started At Date Fk_2\".\"weekday_indicator\" AS \"Date - Started At Date Fk_2__weekday_indicator\",\n  \"Date - Started At Date Fk_2\".\"week_of_year\" AS \"Date - Started At Date Fk_2__week_of_year\",\n  \"Time Of Day - Started At Time Of Day Fk\".\"time_of_day_hour\" AS \"Time Of Day - Started At Time Of Day Fk__time_of_day_hour\",\n  \"Time Of Day - Started At Time Of Day Fk\".\"time_of_day_label\" AS \"Time Of Day - Started At Time Of Day Fk__time_of_day_label\",\n  \"Time Of Day - Started At Time Of Day Fk_2\".\"time_of_day_hour\" AS \"Time Of Day - Started At Time Of Day Fk_2__time_of_day_hour\",\n  \"Time Of Day - Started At Time Of Day Fk_2\".\"time_of_day_label\" AS \"Time Of Day - Started At Time Of Day Fk_2__time_of_day_label\",\n  \"Rideable Type - Rideable Type Fk\".\"id\" AS \"Rideable Type - Rideable Type Fk__id\",\n  \"Rideable Type - Rideable Type Fk\".\"name\" AS \"Rideable Type - Rideable Type Fk__name\",\n  \"Rent Type - Rent Type Fk\".\"id\" AS \"Rent Type - Rent Type Fk__id\",\n  \"Rent Type - Rent Type Fk\".\"name\" AS \"Rent Type - Rent Type Fk__name\",\n  \"Station - Start Station Fk\".\"station_pk\" AS \"Station - Start Station Fk__station_pk\",\n  \"Station - Start Station Fk\".\"id\" AS \"Station - Start Station Fk__id\",\n  \"Station - Start Station Fk\".\"name\" AS \"Station - Start Station Fk__name\",\n  \"Station - End Station Fk\".\"station_pk\" AS \"Station - Start Station Fk__station_pk\",\n  \"Station - End Station Fk\".\"id\" AS \"Station - End Station Fk__id\",\n  \"Station - End Station Fk\".\"name\" AS \"Station - End Station Fk__name\"\nFROM\n  \"dwh_core\".\"fct_rides\"\n \nLEFT JOIN \"dwh_core\".\"dim_date\" AS \"Date - Started At Date Fk\" ON \"dwh_core\".\"fct_rides\".\"started_at_date_fk\" = \"Date - Started At Date Fk\".\"id\"\n  LEFT JOIN \"dwh_core\".\"dim_date\" AS \"Date - Started At Date Fk_2\" ON \"dwh_core\".\"fct_rides\".\"ended_at_date_fk\" = \"Date - Started At Date Fk_2\".\"id\"\n  LEFT JOIN \"dwh_core\".\"dim_time_of_day\" AS \"Time Of Day - Started At Time Of Day Fk\" ON \"dwh_core\".\"fct_rides\".\"started_at_time_of_day_fk\" = \"Time Of Day - Started At Time Of Day Fk\".\"time_of_day_hour\"\n  LEFT JOIN \"dwh_core\".\"dim_time_of_day\" AS \"Time Of Day - Started At Time Of Day Fk_2\" ON \"dwh_core\".\"fct_rides\".\"ended_at_time_of_day_fk\" = \"Time Of Day - Started At Time Of Day Fk_2\".\"time_of_day_hour\"\n  LEFT JOIN \"dwh_core\".\"dim_rideable_type\" AS \"Rideable Type - Rideable Type Fk\" ON \"dwh_core\".\"fct_rides\".\"rideable_type_fk\" = \"Rideable Type - Rideable Type Fk\".\"id\"\n  LEFT JOIN \"dwh_core\".\"dim_rent_type\" AS \"Rent Type - Rent Type Fk\" ON \"dwh_core\".\"fct_rides\".\"rent_type_fk\" = \"Rent Type - Rent Type Fk\".\"id\"\n  LEFT JOIN \"dwh_core\".\"dim_station\" AS \"Station - Start Station Fk\" ON \"dwh_core\".\"fct_rides\".\"start_station_fk\" = \"Station - Start Station Fk\".\"station_pk\"\n  LEFT JOIN \"dwh_core\".\"dim_station\" AS \"Station - End Station Fk\" ON \"dwh_core\".\"fct_rides\".\"end_station_fk\" = \"Station - End Station Fk\".\"station_pk\""}}','{"table.pivot_column":"year","table.cell_column":"start_lat"}',1,2,NULL,'native',true,2,NULL,NULL,false,NULL,NULL,'[{"display_name":"ride_id","field_ref":["field","ride_id",{"base-type":"type/Text"}],"name":"ride_id","base_type":"type/Text","effective_type":"type/Text","semantic_type":null,"fingerprint":{"global":{"distinct-count":1999,"nil%":0.0},"type":{"type/Text":{"percent-json":0.0,"percent-url":0.0,"percent-email":0.0,"percent-state":0.0,"average-length":16.0}}}},{"display_name":"rideable_type_fk","field_ref":["field","rideable_type_fk",{"base-type":"type/BigInteger"}],"name":"rideable_type_fk","base_type":"type/BigInteger","effective_type":"type/BigInteger","semantic_type":null,"fingerprint":{"global":{"distinct-count":3,"nil%":0.0},"type":{"type/Number":{"min":1.0,"q1":1.0,"q3":2.7476822006330153,"max":3.0,"sd":0.9408600367772042,"avg":1.735}}}},{"display_name":"started_at_date_fk","field_ref":["field","started_at_date_fk",{"base-type":"type/Integer"}],"name":"started_at_date_fk","base_type":"type/Integer","effective_type":"type/Integer","semantic_type":null,"fingerprint":{"global":{"distinct-count":2,"nil%":0.0},"type":{"type/Number":{"min":2.0210101E7,"q1":2.0210101E7,"q3":2.0210101964186426E7,"max":2.0210102E7,"sd":0.4990012536312537,"avg":2.02101014665E7}}}},{"display_name":"ended_at_date_fk","field_ref":["field","ended_at_date_fk",{"base-type":"type/Integer"}],"name":"ended_at_date_fk","base_type":"type/Integer","effective_type":"type/Integer","semantic_type":null,"fingerprint":{"global":{"distinct-count":2,"nil%":0.0},"type":{"type/Number":{"min":2.0210101E7,"q1":2.0210101E7,"q3":2.0210101966457717E7,"max":2.0210102E7,"sd":0.4991315619734731,"avg":2.02101014685E7}}}},{"display_name":"started_at_time_of_day_fk","field_ref":["field","started_at_time_of_day_fk",{"base-type":"type/Integer"}],"name":"started_at_time_of_day_fk","base_type":"type/Integer","effective_type":"type/Integer","semantic_type":null,"fingerprint":{"global":{"distinct-count":24,"nil%":0.0},"type":{"type/Number":{"min":0.0,"q1":8.45100189199779,"q3":15.852373684477131,"max":23.0,"sd":5.2915011095147655,"avg":12.004}}}},{"display_name":"ended_at_time_of_day_fk","field_ref":["field","ended_at_time_of_day_fk",{"base-type":"type/Integer"}],"name":"ended_at_time_of_day_fk","base_type":"type/Integer","effective_type":"type/Integer","semantic_type":null,"fingerprint":{"global":{"distinct-count":24,"nil%":0.0},"type":{"type/Number":{"min":0.0,"q1":8.634468144662108,"q3":16.057840245440623,"max":23.0,"sd":5.298991357296438,"avg":12.2055}}}},{"display_name":"start_station_fk","field_ref":["field","start_station_fk",{"base-type":"type/Text"}],"name":"start_station_fk","base_type":"type/Text","effective_type":"type/Text","semantic_type":null,"fingerprint":{"global":{"distinct-count":423,"nil%":0.0},"type":{"type/Text":{"percent-json":0.0,"percent-url":0.0,"percent-email":0.0,"percent-state":0.0,"average-length":29.33}}}},{"display_name":"end_station_fk","field_ref":["field","end_station_fk",{"base-type":"type/Text"}],"name":"end_station_fk","base_type":"type/Text","effective_type":"type/Text","semantic_type":null,"fingerprint":{"global":{"distinct-count":405,"nil%":0.0},"type":{"type/Text":{"percent-json":0.0,"percent-url":0.0,"percent-email":0.0,"percent-state":0.0,"average-length":28.46}}}},{"display_name":"start_lat","field_ref":["field","start_lat",{"base-type":"type/Float"}],"name":"start_lat","base_type":"type/Float","effective_type":"type/Float","semantic_type":"type/Latitude","fingerprint":{"global":{"distinct-count":907,"nil%":0.0},"type":{"type/Number":{"min":41.69,"q1":41.88324485194736,"q3":41.93456908155427,"max":42.063817666666665,"sd":0.046829362335861574,"avg":41.90517883116089}}}},{"display_name":"start_lng","field_ref":["field","start_lng",{"base-type":"type/Float"}],"name":"start_lng","base_type":"type/Float","effective_type":"type/Float","semantic_type":"type/Longitude","fingerprint":{"global":{"distinct-count":899,"nil%":0.0},"type":{"type/Number":{"min":-87.7649475,"q1":-87.66393440140438,"q3":-87.6301239655514,"max":-87.55,"sd":0.02795207305208148,"avg":-87.64806159772039}}}},{"display_name":"end_lat","field_ref":["field","end_lat",{"base-type":"type/Float"}],"name":"end_lat","base_type":"type/Float","effective_type":"type/Float","semantic_type":"type/Latitude","fingerprint":{"global":{"distinct-count":863,"nil%":0.001},"type":{"type/Number":{"min":41.71,"q1":41.88363479790698,"q3":41.933432561164146,"max":42.058239,"sd":0.04675926232642589,"avg":41.90537647459864}}}},{"display_name":"end_lng","field_ref":["field","end_lng",{"base-type":"type/Float"}],"name":"end_lng","base_type":"type/Float","effective_type":"type/Float","semantic_type":"type/Longitude","fingerprint":{"global":{"distinct-count":853,"nil%":0.001},"type":{"type/Number":{"min":-87.764902,"q1":-87.6634431407122,"q3":-87.63045641364435,"max":-87.54,"sd":0.02747578637519388,"avg":-87.64803348104809}}}},{"display_name":"rent_type_fk","field_ref":["field","rent_type_fk",{"base-type":"type/BigInteger"}],"name":"rent_type_fk","base_type":"type/BigInteger","effective_type":"type/BigInteger","semantic_type":null,"fingerprint":{"global":{"distinct-count":2,"nil%":0.0},"type":{"type/Number":{"min":1.0,"q1":1.3677153929318826,"q3":2.0,"max":2.0,"sd":0.43254195897408215,"avg":1.751}}}},{"display_name":"Date - Started At Date Fk__id","field_ref":["field","Date - Started At Date Fk__id",{"base-type":"type/Integer"}],"name":"Date - Started At Date Fk__id","base_type":"type/Integer","effective_type":"type/Integer","semantic_type":null,"fingerprint":{"global":{"distinct-count":2,"nil%":0.0},"type":{"type/Number":{"min":2.0210101E7,"q1":2.0210101E7,"q3":2.0210101964186426E7,"max":2.0210102E7,"sd":0.4990012536312537,"avg":2.02101014665E7}}}},{"display_name":"Date - Started At Date Fk__date_day","field_ref":["field","Date - Started At Date Fk__date_day",{"base-type":"type/Date"}],"name":"Date - Started At Date Fk__date_day","base_type":"type/Date","effective_type":"type/Date","semantic_type":"type/CreationDate","fingerprint":{"global":{"distinct-count":2,"nil%":0.0},"type":{"type/DateTime":{"earliest":"2021-01-01T00:00:00Z","latest":"2021-01-02T00:00:00Z"}}}},{"display_name":"Date - Started At Date Fk__year","field_ref":["field","Date - Started At Date Fk__year",{"base-type":"type/Integer"}],"name":"Date - Started At Date Fk__year","base_type":"type/Integer","effective_type":"type/Integer","semantic_type":null,"fingerprint":{"global":{"distinct-count":1,"nil%":0.0},"type":{"type/Number":{"min":2021.0,"q1":2021.0,"q3":2021.0,"max":2021.0,"sd":0.0,"avg":2021.0}}}},{"display_name":"Date - Started At Date Fk__month","field_ref":["field","Date - Started At Date Fk__month",{"base-type":"type/Integer"}],"name":"Date - Started At Date Fk__month","base_type":"type/Integer","effective_type":"type/Integer","semantic_type":null,"fingerprint":{"global":{"distinct-count":1,"nil%":0.0},"type":{"type/Number":{"min":1.0,"q1":1.0,"q3":1.0,"max":1.0,"sd":0.0,"avg":1.0}}}},{"display_name":"Date - Started At Date Fk__day","field_ref":["field","Date - Started At Date Fk__day",{"base-type":"type/Integer"}],"name":"Date - Started At Date Fk__day","base_type":"type/Integer","effective_type":"type/Integer","semantic_type":null,"fingerprint":{"global":{"distinct-count":2,"nil%":0.0},"type":{"type/Number":{"min":1.0,"q1":1.0,"q3":1.9641864255217931,"max":2.0,"sd":0.4990012536312537,"avg":1.4665}}}},{"display_name":"Date - Started At Date Fk__quarter","field_ref":["field","Date - Started At Date Fk__quarter",{"base-type":"type/Integer"}],"name":"Date - Started At Date Fk__quarter","base_type":"type/Integer","effective_type":"type/Integer","semantic_type":null,"fingerprint":{"global":{"distinct-count":1,"nil%":0.0},"type":{"type/Number":{"min":1.0,"q1":1.0,"q3":1.0,"max":1.0,"sd":0.0,"avg":1.0}}}},{"display_name":"Date - Started At Date Fk__weekday_iso","field_ref":["field","Date - Started At Date Fk__weekday_iso",{"base-type":"type/Integer"}],"name":"Date - Started At Date Fk__weekday_iso","base_type":"type/Integer","effective_type":"type/Integer","semantic_type":null,"fingerprint":{"global":{"distinct-count":2,"nil%":0.0},"type":{"type/Number":{"min":5.0,"q1":5.0,"q3":5.964186425521794,"max":6.0,"sd":0.4990012536312537,"avg":5.4665}}}},{"display_name":"Date - Started At Date Fk__weekday_name","field_ref":["field","Date - Started At Date Fk__weekday_name",{"base-type":"type/Text"}],"name":"Date - Started At Date Fk__weekday_name","base_type":"type/Text","effective_type":"type/Text","semantic_type":null,"fingerprint":{"global":{"distinct-count":2,"nil%":0.0},"type":{"type/Text":{"percent-json":0.0,"percent-url":0.0,"percent-email":0.0,"percent-state":0.0,"average-length":6.933}}}},{"display_name":"Date - Started At Date Fk__month_name","field_ref":["field","Date - Started At Date Fk__month_name",{"base-type":"type/Text"}],"name":"Date - Started At Date Fk__month_name","base_type":"type/Text","effective_type":"type/Text","semantic_type":null,"fingerprint":{"global":{"distinct-count":1,"nil%":0.0},"type":{"type/Text":{"percent-json":0.0,"percent-url":0.0,"percent-email":0.0,"percent-state":0.0,"average-length":7.0}}}},{"display_name":"Date - Started At Date Fk__weekday_indicator","field_ref":["field","Date - Started At Date Fk__weekday_indicator",{"base-type":"type/Text"}],"name":"Date - Started At Date Fk__weekday_indicator","base_type":"type/Text","effective_type":"type/Text","semantic_type":null,"fingerprint":{"global":{"distinct-count":2,"nil%":0.0},"type":{"type/Text":{"percent-json":0.0,"percent-url":0.0,"percent-email":0.0,"percent-state":0.0,"average-length":7.0}}}},{"display_name":"Date - Started At Date Fk__week_of_year","field_ref":["field","Date - Started At Date Fk__week_of_year",{"base-type":"type/Integer"}],"name":"Date - Started At Date Fk__week_of_year","base_type":"type/Integer","effective_type":"type/Integer","semantic_type":null,"fingerprint":{"global":{"distinct-count":1,"nil%":0.0},"type":{"type/Number":{"min":53.0,"q1":53.0,"q3":53.0,"max":53.0,"sd":0.0,"avg":53.0}}}},{"display_name":"Date - Started At Date Fk_2__id","field_ref":["field","Date - Started At Date Fk_2__id",{"base-type":"type/Integer"}],"name":"Date - Started At Date Fk_2__id","base_type":"type/Integer","effective_type":"type/Integer","semantic_type":null,"fingerprint":{"global":{"distinct-count":2,"nil%":0.0},"type":{"type/Number":{"min":2.0210101E7,"q1":2.0210101E7,"q3":2.0210101966457717E7,"max":2.0210102E7,"sd":0.4991315619734731,"avg":2.02101014685E7}}}},{"display_name":"Date - Started At Date Fk_2__date_day","field_ref":["field","Date - Started At Date Fk_2__date_day",{"base-type":"type/Date"}],"name":"Date - Started At Date Fk_2__date_day","base_type":"type/Date","effective_type":"type/Date","semantic_type":"type/CreationDate","fingerprint":{"global":{"distinct-count":2,"nil%":0.0},"type":{"type/DateTime":{"earliest":"2021-01-01T00:00:00Z","latest":"2021-01-02T00:00:00Z"}}}},{"display_name":"Date - Started At Date Fk_2__year","field_ref":["field","Date - Started At Date Fk_2__year",{"base-type":"type/Integer"}],"name":"Date - Started At Date Fk_2__year","base_type":"type/Integer","effective_type":"type/Integer","semantic_type":null,"fingerprint":{"global":{"distinct-count":1,"nil%":0.0},"type":{"type/Number":{"min":2021.0,"q1":2021.0,"q3":2021.0,"max":2021.0,"sd":0.0,"avg":2021.0}}}},{"display_name":"Date - Started At Date Fk_2__month","field_ref":["field","Date - Started At Date Fk_2__month",{"base-type":"type/Integer"}],"name":"Date - Started At Date Fk_2__month","base_type":"type/Integer","effective_type":"type/Integer","semantic_type":null,"fingerprint":{"global":{"distinct-count":1,"nil%":0.0},"type":{"type/Number":{"min":1.0,"q1":1.0,"q3":1.0,"max":1.0,"sd":0.0,"avg":1.0}}}},{"display_name":"Date - Started At Date Fk_2__day","field_ref":["field","Date - Started At Date Fk_2__day",{"base-type":"type/Integer"}],"name":"Date - Started At Date Fk_2__day","base_type":"type/Integer","effective_type":"type/Integer","semantic_type":null,"fingerprint":{"global":{"distinct-count":2,"nil%":0.0},"type":{"type/Number":{"min":1.0,"q1":1.0,"q3":1.9664577164795918,"max":2.0,"sd":0.49913156197347314,"avg":1.4685}}}},{"display_name":"Date - Started At Date Fk_2__quarter","field_ref":["field","Date - Started At Date Fk_2__quarter",{"base-type":"type/Integer"}],"name":"Date - Started At Date Fk_2__quarter","base_type":"type/Integer","effective_type":"type/Integer","semantic_type":null,"fingerprint":{"global":{"distinct-count":1,"nil%":0.0},"type":{"type/Number":{"min":1.0,"q1":1.0,"q3":1.0,"max":1.0,"sd":0.0,"avg":1.0}}}},{"display_name":"Date - Started At Date Fk_2__weekday_iso","field_ref":["field","Date - Started At Date Fk_2__weekday_iso",{"base-type":"type/Integer"}],"name":"Date - Started At Date Fk_2__weekday_iso","base_type":"type/Integer","effective_type":"type/Integer","semantic_type":null,"fingerprint":{"global":{"distinct-count":2,"nil%":0.0},"type":{"type/Number":{"min":5.0,"q1":5.0,"q3":5.966457716479591,"max":6.0,"sd":0.4991315619734731,"avg":5.4685}}}},{"display_name":"Date - Started At Date Fk_2__weekday_name","field_ref":["field","Date - Started At Date Fk_2__weekday_name",{"base-type":"type/Text"}],"name":"Date - Started At Date Fk_2__weekday_name","base_type":"type/Text","effective_type":"type/Text","semantic_type":null,"fingerprint":{"global":{"distinct-count":2,"nil%":0.0},"type":{"type/Text":{"percent-json":0.0,"percent-url":0.0,"percent-email":0.0,"percent-state":0.0,"average-length":6.937}}}},{"display_name":"Date - Started At Date Fk_2__month_name","field_ref":["field","Date - Started At Date Fk_2__month_name",{"base-type":"type/Text"}],"name":"Date - Started At Date Fk_2__month_name","base_type":"type/Text","effective_type":"type/Text","semantic_type":null,"fingerprint":{"global":{"distinct-count":1,"nil%":0.0},"type":{"type/Text":{"percent-json":0.0,"percent-url":0.0,"percent-email":0.0,"percent-state":0.0,"average-length":7.0}}}},{"display_name":"Date - Started At Date Fk_2__weekday_indicator","field_ref":["field","Date - Started At Date Fk_2__weekday_indicator",{"base-type":"type/Text"}],"name":"Date - Started At Date Fk_2__weekday_indicator","base_type":"type/Text","effective_type":"type/Text","semantic_type":null,"fingerprint":{"global":{"distinct-count":2,"nil%":0.0},"type":{"type/Text":{"percent-json":0.0,"percent-url":0.0,"percent-email":0.0,"percent-state":0.0,"average-length":7.0}}}},{"display_name":"Date - Started At Date Fk_2__week_of_year","field_ref":["field","Date - Started At Date Fk_2__week_of_year",{"base-type":"type/Integer"}],"name":"Date - Started At Date Fk_2__week_of_year","base_type":"type/Integer","effective_type":"type/Integer","semantic_type":null,"fingerprint":{"global":{"distinct-count":1,"nil%":0.0},"type":{"type/Number":{"min":53.0,"q1":53.0,"q3":53.0,"max":53.0,"sd":0.0,"avg":53.0}}}},{"display_name":"Time Of Day - Started At Time Of Day Fk__time_of_day_hour","field_ref":["field","Time Of Day - Started At Time Of Day Fk__time_of_day_hour",{"base-type":"type/Integer"}],"name":"Time Of Day - Started At Time Of Day Fk__time_of_day_hour","base_type":"type/Integer","effective_type":"type/Integer","semantic_type":null,"fingerprint":{"global":{"distinct-count":24,"nil%":0.0},"type":{"type/Number":{"min":0.0,"q1":8.45100189199779,"q3":15.852373684477131,"max":23.0,"sd":5.2915011095147655,"avg":12.004}}}},{"display_name":"Time Of Day - Started At Time Of Day Fk__time_of_day_label","field_ref":["field","Time Of Day - Started At Time Of Day Fk__time_of_day_label",{"base-type":"type/Text"}],"name":"Time Of Day - Started At Time Of Day Fk__time_of_day_label","base_type":"type/Text","effective_type":"type/Text","semantic_type":null,"fingerprint":{"global":{"distinct-count":4,"nil%":0.0},"type":{"type/Text":{"percent-json":0.0,"percent-url":0.0,"percent-email":0.0,"percent-state":0.0,"average-length":7.604}}}},{"display_name":"Time Of Day - Started At Time Of Day Fk_2__time_of_day_hour","field_ref":["field","Time Of Day - Started At Time Of Day Fk_2__time_of_day_hour",{"base-type":"type/Integer"}],"name":"Time Of Day - Started At Time Of Day Fk_2__time_of_day_hour","base_type":"type/Integer","effective_type":"type/Integer","semantic_type":null,"fingerprint":{"global":{"distinct-count":24,"nil%":0.0},"type":{"type/Number":{"min":0.0,"q1":8.634468144662108,"q3":16.057840245440623,"max":23.0,"sd":5.298991357296438,"avg":12.2055}}}},{"display_name":"Time Of Day - Started At Time Of Day Fk_2__time_of_day_label","field_ref":["field","Time Of Day - Started At Time Of Day Fk_2__time_of_day_label",{"base-type":"type/Text"}],"name":"Time Of Day - Started At Time Of Day Fk_2__time_of_day_label","base_type":"type/Text","effective_type":"type/Text","semantic_type":null,"fingerprint":{"global":{"distinct-count":4,"nil%":0.0},"type":{"type/Text":{"percent-json":0.0,"percent-url":0.0,"percent-email":0.0,"percent-state":0.0,"average-length":7.658}}}},{"display_name":"Rideable Type - Rideable Type Fk__id","field_ref":["field","Rideable Type - Rideable Type Fk__id",{"base-type":"type/BigInteger"}],"name":"Rideable Type - Rideable Type Fk__id","base_type":"type/BigInteger","effective_type":"type/BigInteger","semantic_type":null,"fingerprint":{"global":{"distinct-count":3,"nil%":0.0},"type":{"type/Number":{"min":1.0,"q1":1.0,"q3":2.7476822006330153,"max":3.0,"sd":0.9408600367772042,"avg":1.735}}}},{"display_name":"Rideable Type - Rideable Type Fk__name","field_ref":["field","Rideable Type - Rideable Type Fk__name",{"base-type":"type/Text"}],"name":"Rideable Type - Rideable Type Fk__name","base_type":"type/Text","effective_type":"type/Text","semantic_type":null,"fingerprint":{"global":{"distinct-count":3,"nil%":0.0},"type":{"type/Text":{"percent-json":0.0,"percent-url":0.0,"percent-email":0.0,"percent-state":0.0,"average-length":12.3}}}},{"display_name":"Rent Type - Rent Type Fk__id","field_ref":["field","Rent Type - Rent Type Fk__id",{"base-type":"type/BigInteger"}],"name":"Rent Type - Rent Type Fk__id","base_type":"type/BigInteger","effective_type":"type/BigInteger","semantic_type":null,"fingerprint":{"global":{"distinct-count":2,"nil%":0.0},"type":{"type/Number":{"min":1.0,"q1":1.3677153929318826,"q3":2.0,"max":2.0,"sd":0.43254195897408215,"avg":1.751}}}},{"display_name":"Rent Type - Rent Type Fk__name","field_ref":["field","Rent Type - Rent Type Fk__name",{"base-type":"type/Text"}],"name":"Rent Type - Rent Type Fk__name","base_type":"type/Text","effective_type":"type/Text","semantic_type":null,"fingerprint":{"global":{"distinct-count":2,"nil%":0.0},"type":{"type/Text":{"percent-json":0.0,"percent-url":0.0,"percent-email":0.0,"percent-state":0.0,"average-length":6.0}}}},{"display_name":"Station - Start Station Fk__station_pk","field_ref":["field","Station - Start Station Fk__station_pk",{"base-type":"type/Text"}],"name":"Station - Start Station Fk__station_pk","base_type":"type/Text","effective_type":"type/Text","semantic_type":null,"fingerprint":{"global":{"distinct-count":423,"nil%":0.0},"type":{"type/Text":{"percent-json":0.0,"percent-url":0.0,"percent-email":0.0,"percent-state":0.0,"average-length":29.33}}}},{"display_name":"Station - Start Station Fk__id","field_ref":["field","Station - Start Station Fk__id",{"base-type":"type/Text"}],"name":"Station - Start Station Fk__id","base_type":"type/Text","effective_type":"type/Text","semantic_type":null,"fingerprint":{"global":{"distinct-count":423,"nil%":0.0},"type":{"type/Text":{"percent-json":0.0,"percent-url":0.0,"percent-email":0.0,"percent-state":0.0,"average-length":7.9835}}}},{"display_name":"Station - Start Station Fk__name","field_ref":["field","Station - Start Station Fk__name",{"base-type":"type/Text"}],"name":"Station - Start Station Fk__name","base_type":"type/Text","effective_type":"type/Text","semantic_type":null,"fingerprint":{"global":{"distinct-count":423,"nil%":0.0},"type":{"type/Text":{"percent-json":0.0,"percent-url":0.0,"percent-email":0.0,"percent-state":0.0,"average-length":21.9955}}}},{"display_name":"Station - Start Station Fk__station_pk","field_ref":["field","Station - Start Station Fk__station_pk_2",{"base-type":"type/Text"}],"name":"Station - Start Station Fk__station_pk","base_type":"type/Text","effective_type":"type/Text","semantic_type":null,"fingerprint":{"global":{"distinct-count":405,"nil%":0.0},"type":{"type/Text":{"percent-json":0.0,"percent-url":0.0,"percent-email":0.0,"percent-state":0.0,"average-length":28.46}}}},{"display_name":"Station - End Station Fk__id","field_ref":["field","Station - End Station Fk__id",{"base-type":"type/Text"}],"name":"Station - End Station Fk__id","base_type":"type/Text","effective_type":"type/Text","semantic_type":null,"fingerprint":{"global":{"distinct-count":405,"nil%":0.0},"type":{"type/Text":{"percent-json":0.0,"percent-url":0.0,"percent-email":0.0,"percent-state":0.0,"average-length":7.7245}}}},{"display_name":"Station - End Station Fk__name","field_ref":["field","Station - End Station Fk__name",{"base-type":"type/Text"}],"name":"Station - End Station Fk__name","base_type":"type/Text","effective_type":"type/Text","semantic_type":null,"fingerprint":{"global":{"distinct-count":405,"nil%":0.0},"type":{"type/Text":{"percent-json":0.0,"percent-url":0.0,"percent-email":0.0,"percent-state":0.0,"average-length":21.4035}}}}]',NULL,false,'FXaMXTRwcH3F0_k4CIJcG','[]','[]',true,'v0.49.3 (dba0992)','question',NULL),
	 (9,'2024-06-19 02:25:04.842407+02','2024-08-03 22:32:57.853918+02','Rides  join all',NULL,'table','{"database":2,"type":"query","query":{"source-table":11,"joins":[{"fields":"all","alias":"Rideable Type - Rideable Type Fk","condition":["=",["field",85,{"base-type":"type/BigInteger"}],["field",72,{"base-type":"type/BigInteger","join-alias":"Rideable Type - Rideable Type Fk"}]],"source-table":9},{"fields":"all","alias":"Rent Type - Rent Type Fk","condition":["=",["field",97,{"base-type":"type/BigInteger"}],["field",103,{"base-type":"type/BigInteger","join-alias":"Rent Type - Rent Type Fk"}]],"source-table":14},{"fields":"all","alias":"Start Station - Start Station Fk","condition":["=",["field",98,{"base-type":"type/Text"}],["field",110,{"base-type":"type/Text","join-alias":"Start Station - Start Station Fk"}]],"source-table":16},{"fields":"all","alias":"End Station - End Station Fk","condition":["=",["field",99,{"base-type":"type/Text"}],["field",107,{"base-type":"type/Text","join-alias":"End Station - End Station Fk"}]],"source-table":15},{"fields":"all","alias":"Started At Date - Started At Date Fk","condition":["=",["field",87,{"base-type":"type/Integer"}],["field",119,{"base-type":"type/Integer","join-alias":"Started At Date - Started At Date Fk"}]],"source-table":17},{"fields":"all","alias":"Ended At Date - Ended At Date Fk","condition":["=",["field",86,{"base-type":"type/Integer"}],["field",132,{"base-type":"type/Integer","join-alias":"Ended At Date - Ended At Date Fk"}]],"source-table":19},{"fields":"all","alias":"Started At Time Of Day - Started At Time Of Day Fk","condition":["=",["field",90,{"base-type":"type/Integer"}],["field",136,{"base-type":"type/Integer","join-alias":"Started At Time Of Day - Started At Time Of Day Fk"}]],"source-table":20},{"fields":"all","alias":"Ended At Time Of Day - Ended At Time Of Day Fk","condition":["=",["field",89,{"base-type":"type/Integer"}],["field",123,{"base-type":"type/Integer","join-alias":"Ended At Time Of Day - Ended At Time Of Day Fk"}]],"source-table":18}]}}','{"table.pivot_column":"year","table.cell_column":"start_lat"}',1,2,11,'query',false,2,NULL,NULL,false,NULL,NULL,'[{"description":null,"semantic_type":"type/PK","coercion_strategy":null,"name":"ride_id","settings":null,"fk_target_field_id":null,"field_ref":["field",88,null],"effective_type":"type/Text","id":88,"visibility_type":"normal","display_name":"Ride ID","fingerprint":{"global":{"distinct-count":9999,"nil%":0.0},"type":{"type/Text":{"percent-json":0.0,"percent-url":0.0,"percent-email":0.0,"percent-state":0.0,"average-length":16.0}}},"base_type":"type/Text"},{"description":null,"semantic_type":"type/FK","coercion_strategy":null,"name":"rideable_type_fk","settings":null,"fk_target_field_id":72,"field_ref":["field",85,null],"effective_type":"type/BigInteger","id":85,"visibility_type":"normal","display_name":"Rideable Type Fk","fingerprint":{"global":{"distinct-count":1,"nil%":0.0},"type":{"type/Number":{"min":1.0,"q1":1.0,"q3":1.0,"max":1.0,"sd":0.0,"avg":1.0}}},"base_type":"type/BigInteger"},{"description":null,"semantic_type":"type/FK","coercion_strategy":null,"name":"started_at_date_fk","settings":null,"fk_target_field_id":119,"field_ref":["field",87,null],"effective_type":"type/Integer","id":87,"visibility_type":"normal","display_name":"Started At Date Fk","fingerprint":{"global":{"distinct-count":30,"nil%":0.0},"type":{"type/Number":{"min":2.0200401E7,"q1":2.020040781861735E7,"q3":2.020042241651664E7,"max":2.020043E7,"sd":8.442526565873605,"avg":2.02004154591E7}}},"base_type":"type/Integer"},{"description":null,"semantic_type":"type/FK","coercion_strategy":null,"name":"ended_at_date_fk","settings":null,"fk_target_field_id":132,"field_ref":["field",86,null],"effective_type":"type/Integer","id":86,"visibility_type":"normal","display_name":"Ended At Date Fk","fingerprint":{"global":{"distinct-count":33,"nil%":0.0},"type":{"type/Number":{"min":2.0200401E7,"q1":2.0200407837128814E7,"q3":2.020042242893076E7,"max":2.0200504E7,"sd":8.655728840148322,"avg":2.02004155071E7}}},"base_type":"type/Integer"},{"description":null,"semantic_type":"type/FK","coercion_strategy":null,"name":"started_at_time_of_day_fk","settings":null,"fk_target_field_id":136,"field_ref":["field",90,null],"effective_type":"type/Integer","id":90,"visibility_type":"normal","display_name":"Started At Time Of Day Fk","fingerprint":{"global":{"distinct-count":24,"nil%":0.0},"type":{"type/Number":{"min":0.0,"q1":11.091631629210989,"q3":16.935401665018567,"max":23.0,"sd":4.447990284584397,"avg":13.7533}}},"base_type":"type/Integer"},{"description":null,"semantic_type":"type/FK","coercion_strategy":null,"name":"ended_at_time_of_day_fk","settings":null,"fk_target_field_id":123,"field_ref":["field",89,null],"effective_type":"type/Integer","id":89,"visibility_type":"normal","display_name":"Ended At Time Of Day Fk","fingerprint":{"global":{"distinct-count":24,"nil%":0.0},"type":{"type/Number":{"min":0.0,"q1":11.323877040543673,"q3":17.14571419043549,"max":23.0,"sd":4.472977039104856,"avg":13.9346}}},"base_type":"type/Integer"},{"description":null,"semantic_type":"type/CreationTimestamp","coercion_strategy":null,"unit":"default","name":"started_at_datetime","settings":null,"fk_target_field_id":null,"field_ref":["field",137,{"temporal-unit":"default"}],"effective_type":"type/DateTime","id":137,"visibility_type":"normal","display_name":"Started At Datetime","fingerprint":{"global":{"distinct-count":9762,"nil%":0.0},"type":{"type/DateTime":{"earliest":"2021-01-01T00:02:05Z","latest":"2021-01-05T20:59:37Z"}}},"base_type":"type/DateTime"},{"description":null,"semantic_type":"type/CreationTimestamp","coercion_strategy":null,"unit":"default","name":"ended_at_datetime","settings":null,"fk_target_field_id":null,"field_ref":["field",138,{"temporal-unit":"default"}],"effective_type":"type/DateTime","id":138,"visibility_type":"normal","display_name":"Ended At Datetime","fingerprint":{"global":{"distinct-count":9753,"nil%":0.0},"type":{"type/DateTime":{"earliest":"2021-01-01T00:08:39Z","latest":"2021-01-05T22:47:33Z"}}},"base_type":"type/DateTime"},{"description":null,"semantic_type":"type/Quantity","coercion_strategy":null,"name":"duration_in_seconds","settings":null,"fk_target_field_id":null,"field_ref":["field",139,null],"effective_type":"type/Float","id":139,"visibility_type":"normal","display_name":"Duration In Seconds","fingerprint":{"global":{"distinct-count":2378,"nil%":0.0},"type":{"type/Number":{"min":2.0,"q1":348.16253860078064,"q3":1017.7256436863725,"max":220513.0,"sd":3048.9113474100923,"avg":926.4174000000002}}},"base_type":"type/Float"},{"description":null,"semantic_type":"type/FK","coercion_strategy":null,"name":"start_station_fk","settings":null,"fk_target_field_id":110,"field_ref":["field",98,null],"effective_type":"type/Text","id":98,"visibility_type":"normal","display_name":"Start Station Fk","fingerprint":{"global":{"distinct-count":541,"nil%":0.0},"type":{"type/Text":{"percent-json":0.0,"percent-url":0.0,"percent-email":0.0,"percent-state":0.0,"average-length":29.54}}},"base_type":"type/Text"},{"description":null,"semantic_type":"type/FK","coercion_strategy":null,"name":"end_station_fk","settings":null,"fk_target_field_id":107,"field_ref":["field",99,null],"effective_type":"type/Text","id":99,"visibility_type":"normal","display_name":"End Station Fk","fingerprint":{"global":{"distinct-count":530,"nil%":0.0},"type":{"type/Text":{"percent-json":0.0,"percent-url":0.0,"percent-email":0.0,"percent-state":0.0,"average-length":28.928}}},"base_type":"type/Text"},{"description":null,"semantic_type":"type/Latitude","coercion_strategy":null,"name":"start_lat","settings":null,"fk_target_field_id":null,"field_ref":["field",95,null],"effective_type":"type/Float","id":95,"visibility_type":"normal","display_name":"Start Lat","fingerprint":{"global":{"distinct-count":3049,"nil%":0.0},"type":{"type/Number":{"min":41.68,"q1":41.88236476402309,"q3":41.93041340737823,"max":42.064854,"sd":0.046257671504609986,"avg":41.9027919484119}}},"base_type":"type/Float"},{"description":null,"semantic_type":"type/Longitude","coercion_strategy":null,"name":"start_lng","settings":null,"fk_target_field_id":null,"field_ref":["field",96,null],"effective_type":"type/Float","id":96,"visibility_type":"normal","display_name":"Start Lng","fingerprint":{"global":{"distinct-count":3035,"nil%":0.0},"type":{"type/Number":{"min":-87.774446,"q1":-87.66053961201675,"q3":-87.62970772824151,"max":-87.52823173999786,"sd":0.026489383816151887,"avg":-87.64637279140966}}},"base_type":"type/Float"},{"description":null,"semantic_type":"type/Latitude","coercion_strategy":null,"name":"end_lat","settings":null,"fk_target_field_id":null,"field_ref":["field",93,null],"effective_type":"type/Float","id":93,"visibility_type":"normal","display_name":"End Lat","fingerprint":{"global":{"distinct-count":2878,"nil%":0.0013},"type":{"type/Number":{"min":41.68,"q1":41.88245904333142,"q3":41.93119777931498,"max":42.064854,"sd":0.046465881882911765,"avg":41.90304013708457}}},"base_type":"type/Float"},{"description":null,"semantic_type":"type/Longitude","coercion_strategy":null,"name":"end_lng","settings":null,"fk_target_field_id":null,"field_ref":["field",94,null],"effective_type":"type/Float","id":94,"visibility_type":"normal","display_name":"End Lng","fingerprint":{"global":{"distinct-count":2871,"nil%":0.0013},"type":{"type/Number":{"min":-87.774446,"q1":-87.66136222166664,"q3":-87.62968824112457,"max":-87.53481388092041,"sd":0.02653074444593018,"avg":-87.64677038804705}}},"base_type":"type/Float"},{"description":null,"semantic_type":"type/FK","coercion_strategy":null,"name":"rent_type_fk","settings":null,"fk_target_field_id":103,"field_ref":["field",97,null],"effective_type":"type/BigInteger","id":97,"visibility_type":"normal","display_name":"Rent Type Fk","fingerprint":{"global":{"distinct-count":2,"nil%":0.0},"type":{"type/Number":{"min":1.0,"q1":1.4321834509047793,"q3":2.0,"max":2.0,"sd":0.40739978824091927,"avg":1.7899}}},"base_type":"type/BigInteger"},{"description":null,"semantic_type":"type/PK","coercion_strategy":null,"name":"id","settings":null,"fk_target_field_id":null,"field_ref":["field",72,{"join-alias":"Rideable Type - Rideable Type Fk"}],"effective_type":"type/BigInteger","id":72,"visibility_type":"normal","display_name":"Rideable Type - Rideable Type Fk → ID","fingerprint":null,"base_type":"type/BigInteger"},{"description":null,"semantic_type":"type/Name","coercion_strategy":null,"name":"name","settings":null,"fk_target_field_id":null,"field_ref":["field",73,{"join-alias":"Rideable Type - Rideable Type Fk"}],"effective_type":"type/Text","id":73,"visibility_type":"normal","display_name":"Rideable Type - Rideable Type Fk → Name","fingerprint":{"global":{"distinct-count":1,"nil%":0.0},"type":{"type/Text":{"percent-json":0.0,"percent-url":0.0,"percent-email":0.0,"percent-state":0.0,"average-length":11.0}}},"base_type":"type/Text"},{"description":null,"semantic_type":"type/PK","coercion_strategy":null,"name":"id_2","settings":null,"fk_target_field_id":null,"field_ref":["field",103,{"join-alias":"Rent Type - Rent Type Fk"}],"effective_type":"type/BigInteger","id":103,"visibility_type":"normal","display_name":"Rent Type - Rent Type Fk → ID","fingerprint":null,"base_type":"type/BigInteger"},{"description":null,"semantic_type":"type/Name","coercion_strategy":null,"name":"name_2","settings":null,"fk_target_field_id":null,"field_ref":["field",104,{"join-alias":"Rent Type - Rent Type Fk"}],"effective_type":"type/Text","id":104,"visibility_type":"normal","display_name":"Rent Type - Rent Type Fk → Name","fingerprint":{"global":{"distinct-count":2,"nil%":0.0},"type":{"type/Text":{"percent-json":0.0,"percent-url":0.0,"percent-email":0.0,"percent-state":0.0,"average-length":6.0}}},"base_type":"type/Text"},{"description":null,"semantic_type":"type/PK","coercion_strategy":null,"name":"station_pk","settings":null,"fk_target_field_id":null,"field_ref":["field",110,{"join-alias":"Start Station - Start Station Fk"}],"effective_type":"type/Text","id":110,"visibility_type":"normal","display_name":"Start Station - Start Station Fk → Station Pk","fingerprint":{"global":{"distinct-count":656,"nil%":0.0},"type":{"type/Text":{"percent-json":0.0,"percent-url":0.0,"percent-email":0.0,"percent-state":0.0,"average-length":31.954268292682926}}},"base_type":"type/Text"},{"description":null,"semantic_type":"type/Category","coercion_strategy":null,"name":"id_3","settings":null,"fk_target_field_id":null,"field_ref":["field",108,{"join-alias":"Start Station - Start Station Fk"}],"effective_type":"type/Text","id":108,"visibility_type":"normal","display_name":"Start Station - Start Station Fk → ID","fingerprint":{"global":{"distinct-count":419,"nil%":0.0},"type":{"type/Text":{"percent-json":0.0,"percent-url":0.0,"percent-email":0.0,"percent-state":0.0,"average-length":7.9145}}},"base_type":"type/Text"},{"description":null,"semantic_type":"type/Name","coercion_strategy":null,"name":"name_3","settings":null,"fk_target_field_id":null,"field_ref":["field",109,{"join-alias":"Start Station - Start Station Fk"}],"effective_type":"type/Text","id":109,"visibility_type":"normal","display_name":"Start Station - Start Station Fk → Name","fingerprint":{"global":{"distinct-count":656,"nil%":0.0},"type":{"type/Text":{"percent-json":0.0,"percent-url":0.0,"percent-email":0.0,"percent-state":0.0,"average-length":23.490853658536587}}},"base_type":"type/Text"},{"description":null,"semantic_type":"type/PK","coercion_strategy":null,"name":"station_pk_2","settings":null,"fk_target_field_id":null,"field_ref":["field",107,{"join-alias":"End Station - End Station Fk"}],"effective_type":"type/Text","id":107,"visibility_type":"normal","display_name":"End Station - End Station Fk → Station Pk","fingerprint":{"global":{"distinct-count":656,"nil%":0.0},"type":{"type/Text":{"percent-json":0.0,"percent-url":0.0,"percent-email":0.0,"percent-state":0.0,"average-length":31.954268292682926}}},"base_type":"type/Text"},{"description":null,"semantic_type":"type/Category","coercion_strategy":null,"name":"id_4","settings":null,"fk_target_field_id":null,"field_ref":["field",105,{"join-alias":"End Station - End Station Fk"}],"effective_type":"type/Text","id":105,"visibility_type":"normal","display_name":"End Station - End Station Fk → ID","fingerprint":{"global":{"distinct-count":397,"nil%":0.0},"type":{"type/Text":{"percent-json":0.0,"percent-url":0.0,"percent-email":0.0,"percent-state":0.0,"average-length":7.6845}}},"base_type":"type/Text"},{"description":null,"semantic_type":"type/Name","coercion_strategy":null,"name":"name_4","settings":null,"fk_target_field_id":null,"field_ref":["field",106,{"join-alias":"End Station - End Station Fk"}],"effective_type":"type/Text","id":106,"visibility_type":"normal","display_name":"End Station - End Station Fk → Name","fingerprint":{"global":{"distinct-count":656,"nil%":0.0},"type":{"type/Text":{"percent-json":0.0,"percent-url":0.0,"percent-email":0.0,"percent-state":0.0,"average-length":23.490853658536587}}},"base_type":"type/Text"},{"description":null,"semantic_type":"type/PK","coercion_strategy":null,"name":"id_5","settings":null,"fk_target_field_id":null,"field_ref":["field",119,{"join-alias":"Started At Date - Started At Date Fk"}],"effective_type":"type/Integer","id":119,"visibility_type":"normal","display_name":"Started At Date - Started At Date Fk → ID","fingerprint":null,"base_type":"type/Integer"},{"description":null,"semantic_type":"type/CreationDate","coercion_strategy":null,"unit":"default","name":"date_day","settings":null,"fk_target_field_id":null,"field_ref":["field",111,{"temporal-unit":"default","join-alias":"Started At Date - Started At Date Fk"}],"effective_type":"type/Date","id":111,"visibility_type":"normal","display_name":"Started At Date - Started At Date Fk → Date Day","fingerprint":{"global":{"distinct-count":6574,"nil%":0.0},"type":{"type/DateTime":{"earliest":"2013-01-01","latest":"2030-12-31"}}},"base_type":"type/Date"},{"description":null,"semantic_type":"type/Category","coercion_strategy":null,"name":"year","settings":null,"fk_target_field_id":null,"field_ref":["field",114,{"join-alias":"Started At Date - Started At Date Fk"}],"effective_type":"type/Integer","id":114,"visibility_type":"normal","display_name":"Started At Date - Started At Date Fk → Year","fingerprint":{"global":{"distinct-count":18,"nil%":0.0},"type":{"type/Number":{"min":2013.0,"q1":2017.0,"q3":2026.0,"max":2030.0,"sd":5.188131128689841,"avg":2021.5003042287801}}},"base_type":"type/Integer"},{"description":null,"semantic_type":"type/Category","coercion_strategy":null,"name":"month","settings":null,"fk_target_field_id":null,"field_ref":["field",115,{"join-alias":"Started At Date - Started At Date Fk"}],"effective_type":"type/Integer","id":115,"visibility_type":"normal","display_name":"Started At Date - Started At Date Fk → Month","fingerprint":{"global":{"distinct-count":12,"nil%":0.0},"type":{"type/Number":{"min":1.0,"q1":3.5396432500646267,"q3":9.518664598715468,"max":12.0,"sd":3.44887105741937,"avg":6.523273501673258}}},"base_type":"type/Integer"},{"description":null,"semantic_type":"type/Category","coercion_strategy":null,"name":"day","settings":null,"fk_target_field_id":null,"field_ref":["field",118,{"join-alias":"Started At Date - Started At Date Fk"}],"effective_type":"type/Integer","id":118,"visibility_type":"normal","display_name":"Started At Date - Started At Date Fk → Day","fingerprint":{"global":{"distinct-count":31,"nil%":0.0},"type":{"type/Number":{"min":1.0,"q1":8.108796296296296,"q3":23.32638888888889,"max":31.0,"sd":8.800334974744898,"avg":15.728627928202007}}},"base_type":"type/Integer"},{"description":null,"semantic_type":"type/Category","coercion_strategy":null,"name":"quarter","settings":null,"fk_target_field_id":null,"field_ref":["field",120,{"join-alias":"Started At Date - Started At Date Fk"}],"effective_type":"type/Integer","id":120,"visibility_type":"normal","display_name":"Started At Date - Started At Date Fk → Quarter","fingerprint":{"global":{"distinct-count":4,"nil%":0.0},"type":{"type/Number":{"min":1.0,"q1":1.510882385662642,"q3":3.507548309178744,"max":4.0,"sd":1.117132515462843,"avg":2.508670520231214}}},"base_type":"type/Integer"},{"description":null,"semantic_type":"type/Category","coercion_strategy":null,"name":"weekday_iso","settings":null,"fk_target_field_id":null,"field_ref":["field",112,{"join-alias":"Started At Date - Started At Date Fk"}],"effective_type":"type/Integer","id":112,"visibility_type":"normal","display_name":"Started At Date - Started At Date Fk → Weekday Iso","fingerprint":{"global":{"distinct-count":7,"nil%":0.0},"type":{"type/Number":{"min":1.0,"q1":2.249501197259292,"q3":5.749733759318424,"max":7.0,"sd":2.0001521086057643,"avg":3.9996957712199572}}},"base_type":"type/Integer"},{"description":null,"semantic_type":"type/Category","coercion_strategy":null,"name":"weekday_name","settings":null,"fk_target_field_id":null,"field_ref":["field",113,{"join-alias":"Started At Date - Started At Date Fk"}],"effective_type":"type/Text","id":113,"visibility_type":"normal","display_name":"Started At Date - Started At Date Fk → Weekday Name","fingerprint":{"global":{"distinct-count":7,"nil%":0.0},"type":{"type/Text":{"percent-json":0.0,"percent-url":0.0,"percent-email":0.0,"percent-state":0.0,"average-length":7.142835412229997}}},"base_type":"type/Text"},{"description":null,"semantic_type":"type/Category","coercion_strategy":null,"name":"month_name","settings":null,"fk_target_field_id":null,"field_ref":["field",121,{"join-alias":"Started At Date - Started At Date Fk"}],"effective_type":"type/Text","id":121,"visibility_type":"normal","display_name":"Started At Date - Started At Date Fk → Month Name","fingerprint":{"global":{"distinct-count":12,"nil%":0.0},"type":{"type/Text":{"percent-json":0.0,"percent-url":0.0,"percent-email":0.0,"percent-state":0.0,"average-length":6.14907210222087}}},"base_type":"type/Text"},{"description":null,"semantic_type":"type/Category","coercion_strategy":null,"name":"weekday_indicator","settings":null,"fk_target_field_id":null,"field_ref":["field",117,{"join-alias":"Started At Date - Started At Date Fk"}],"effective_type":"type/Text","id":117,"visibility_type":"normal","display_name":"Started At Date - Started At Date Fk → Weekday Indicator","fingerprint":{"global":{"distinct-count":2,"nil%":0.0},"type":{"type/Text":{"percent-json":0.0,"percent-url":0.0,"percent-email":0.0,"percent-state":0.0,"average-length":7.0}}},"base_type":"type/Text"},{"description":null,"semantic_type":"type/Category","coercion_strategy":null,"name":"week_of_year","settings":null,"fk_target_field_id":null,"field_ref":["field",116,{"join-alias":"Started At Date - Started At Date Fk"}],"effective_type":"type/Integer","id":116,"visibility_type":"normal","display_name":"Started At Date - Started At Date Fk → Week Of Year","fingerprint":{"global":{"distinct-count":53,"nil%":0.0},"type":{"type/Number":{"min":1.0,"q1":13.535714285714286,"q3":39.62301587301587,"max":53.0,"sd":15.062083649464066,"avg":26.58077274110131}}},"base_type":"type/Integer"},{"description":null,"semantic_type":"type/PK","coercion_strategy":null,"name":"id_6","settings":null,"fk_target_field_id":null,"field_ref":["field",132,{"join-alias":"Ended At Date - Ended At Date Fk"}],"effective_type":"type/Integer","id":132,"visibility_type":"normal","display_name":"Ended At Date - Ended At Date Fk → ID","fingerprint":null,"base_type":"type/Integer"},{"description":null,"semantic_type":"type/CreationDate","coercion_strategy":null,"unit":"default","name":"date_day_2","settings":null,"fk_target_field_id":null,"field_ref":["field",124,{"temporal-unit":"default","join-alias":"Ended At Date - Ended At Date Fk"}],"effective_type":"type/Date","id":124,"visibility_type":"normal","display_name":"Ended At Date - Ended At Date Fk → Date Day","fingerprint":{"global":{"distinct-count":6574,"nil%":0.0},"type":{"type/DateTime":{"earliest":"2013-01-01","latest":"2030-12-31"}}},"base_type":"type/Date"},{"description":null,"semantic_type":"type/Category","coercion_strategy":null,"name":"year_2","settings":null,"fk_target_field_id":null,"field_ref":["field",127,{"join-alias":"Ended At Date - Ended At Date Fk"}],"effective_type":"type/Integer","id":127,"visibility_type":"normal","display_name":"Ended At Date - Ended At Date Fk → Year","fingerprint":{"global":{"distinct-count":18,"nil%":0.0},"type":{"type/Number":{"min":2013.0,"q1":2017.0,"q3":2026.0,"max":2030.0,"sd":5.188131128689841,"avg":2021.5003042287801}}},"base_type":"type/Integer"},{"description":null,"semantic_type":"type/Category","coercion_strategy":null,"name":"month_2","settings":null,"fk_target_field_id":null,"field_ref":["field",128,{"join-alias":"Ended At Date - Ended At Date Fk"}],"effective_type":"type/Integer","id":128,"visibility_type":"normal","display_name":"Ended At Date - Ended At Date Fk → Month","fingerprint":{"global":{"distinct-count":12,"nil%":0.0},"type":{"type/Number":{"min":1.0,"q1":3.5396432500646267,"q3":9.518664598715468,"max":12.0,"sd":3.44887105741937,"avg":6.523273501673258}}},"base_type":"type/Integer"},{"description":null,"semantic_type":"type/Category","coercion_strategy":null,"name":"day_2","settings":null,"fk_target_field_id":null,"field_ref":["field",131,{"join-alias":"Ended At Date - Ended At Date Fk"}],"effective_type":"type/Integer","id":131,"visibility_type":"normal","display_name":"Ended At Date - Ended At Date Fk → Day","fingerprint":{"global":{"distinct-count":31,"nil%":0.0},"type":{"type/Number":{"min":1.0,"q1":8.108796296296296,"q3":23.32638888888889,"max":31.0,"sd":8.800334974744898,"avg":15.728627928202007}}},"base_type":"type/Integer"},{"description":null,"semantic_type":"type/Category","coercion_strategy":null,"name":"quarter_2","settings":null,"fk_target_field_id":null,"field_ref":["field",133,{"join-alias":"Ended At Date - Ended At Date Fk"}],"effective_type":"type/Integer","id":133,"visibility_type":"normal","display_name":"Ended At Date - Ended At Date Fk → Quarter","fingerprint":{"global":{"distinct-count":4,"nil%":0.0},"type":{"type/Number":{"min":1.0,"q1":1.510882385662642,"q3":3.507548309178744,"max":4.0,"sd":1.117132515462843,"avg":2.508670520231214}}},"base_type":"type/Integer"},{"description":null,"semantic_type":"type/Category","coercion_strategy":null,"name":"weekday_iso_2","settings":null,"fk_target_field_id":null,"field_ref":["field",125,{"join-alias":"Ended At Date - Ended At Date Fk"}],"effective_type":"type/Integer","id":125,"visibility_type":"normal","display_name":"Ended At Date - Ended At Date Fk → Weekday Iso","fingerprint":{"global":{"distinct-count":7,"nil%":0.0},"type":{"type/Number":{"min":1.0,"q1":2.249501197259292,"q3":5.749733759318424,"max":7.0,"sd":2.0001521086057643,"avg":3.9996957712199572}}},"base_type":"type/Integer"},{"description":null,"semantic_type":"type/Category","coercion_strategy":null,"name":"weekday_name_2","settings":null,"fk_target_field_id":null,"field_ref":["field",126,{"join-alias":"Ended At Date - Ended At Date Fk"}],"effective_type":"type/Text","id":126,"visibility_type":"normal","display_name":"Ended At Date - Ended At Date Fk → Weekday Name","fingerprint":{"global":{"distinct-count":7,"nil%":0.0},"type":{"type/Text":{"percent-json":0.0,"percent-url":0.0,"percent-email":0.0,"percent-state":0.0,"average-length":7.142835412229997}}},"base_type":"type/Text"},{"description":null,"semantic_type":"type/Category","coercion_strategy":null,"name":"month_name_2","settings":null,"fk_target_field_id":null,"field_ref":["field",134,{"join-alias":"Ended At Date - Ended At Date Fk"}],"effective_type":"type/Text","id":134,"visibility_type":"normal","display_name":"Ended At Date - Ended At Date Fk → Month Name","fingerprint":{"global":{"distinct-count":12,"nil%":0.0},"type":{"type/Text":{"percent-json":0.0,"percent-url":0.0,"percent-email":0.0,"percent-state":0.0,"average-length":6.14907210222087}}},"base_type":"type/Text"},{"description":null,"semantic_type":"type/Category","coercion_strategy":null,"name":"weekday_indicator_2","settings":null,"fk_target_field_id":null,"field_ref":["field",130,{"join-alias":"Ended At Date - Ended At Date Fk"}],"effective_type":"type/Text","id":130,"visibility_type":"normal","display_name":"Ended At Date - Ended At Date Fk → Weekday Indicator","fingerprint":{"global":{"distinct-count":2,"nil%":0.0},"type":{"type/Text":{"percent-json":0.0,"percent-url":0.0,"percent-email":0.0,"percent-state":0.0,"average-length":7.0}}},"base_type":"type/Text"},{"description":null,"semantic_type":"type/Category","coercion_strategy":null,"name":"week_of_year_2","settings":null,"fk_target_field_id":null,"field_ref":["field",129,{"join-alias":"Ended At Date - Ended At Date Fk"}],"effective_type":"type/Integer","id":129,"visibility_type":"normal","display_name":"Ended At Date - Ended At Date Fk → Week Of Year","fingerprint":{"global":{"distinct-count":53,"nil%":0.0},"type":{"type/Number":{"min":1.0,"q1":13.535714285714286,"q3":39.62301587301587,"max":53.0,"sd":15.062083649464066,"avg":26.58077274110131}}},"base_type":"type/Integer"},{"description":null,"semantic_type":"type/PK","coercion_strategy":null,"name":"time_of_day_hour","settings":null,"fk_target_field_id":null,"field_ref":["field",136,{"join-alias":"Started At Time Of Day - Started At Time Of Day Fk"}],"effective_type":"type/Integer","id":136,"visibility_type":"normal","display_name":"Started At Time Of Day - Started At Time Of Day Fk → Time Of Day Hour","fingerprint":{"global":{"distinct-count":24,"nil%":0.0},"type":{"type/Number":{"min":0.0,"q1":5.5,"q3":17.5,"max":23.0,"sd":7.0710678118654755,"avg":11.5}}},"base_type":"type/Integer"},{"description":null,"semantic_type":"type/Category","coercion_strategy":null,"name":"time_of_day_label","settings":null,"fk_target_field_id":null,"field_ref":["field",135,{"join-alias":"Started At Time Of Day - Started At Time Of Day Fk"}],"effective_type":"type/Text","id":135,"visibility_type":"normal","display_name":"Started At Time Of Day - Started At Time Of Day Fk → Time Of Day Label","fingerprint":{"global":{"distinct-count":4,"nil%":0.0},"type":{"type/Text":{"percent-json":0.0,"percent-url":0.0,"percent-email":0.0,"percent-state":0.0,"average-length":7.0}}},"base_type":"type/Text"},{"description":null,"semantic_type":"type/PK","coercion_strategy":null,"name":"time_of_day_hour_2","settings":null,"fk_target_field_id":null,"field_ref":["field",123,{"join-alias":"Ended At Time Of Day - Ended At Time Of Day Fk"}],"effective_type":"type/Integer","id":123,"visibility_type":"normal","display_name":"Ended At Time Of Day - Ended At Time Of Day Fk → Time Of Day Hour","fingerprint":{"global":{"distinct-count":24,"nil%":0.0},"type":{"type/Number":{"min":0.0,"q1":5.5,"q3":17.5,"max":23.0,"sd":7.0710678118654755,"avg":11.5}}},"base_type":"type/Integer"},{"description":null,"semantic_type":"type/Category","coercion_strategy":null,"name":"time_of_day_label_2","settings":null,"fk_target_field_id":null,"field_ref":["field",122,{"join-alias":"Ended At Time Of Day - Ended At Time Of Day Fk"}],"effective_type":"type/Text","id":122,"visibility_type":"normal","display_name":"Ended At Time Of Day - Ended At Time Of Day Fk → Time Of Day Label","fingerprint":{"global":{"distinct-count":4,"nil%":0.0},"type":{"type/Text":{"percent-json":0.0,"percent-url":0.0,"percent-email":0.0,"percent-state":0.0,"average-length":7.0}}},"base_type":"type/Text"}]',NULL,false,'ff84PXcE_Ge2kk-oh_oNh','[]','[]',true,'v0.49.3 (dba0992)','question',NULL),
	 (14,'2024-07-28 22:40:26.103418+02','2024-08-03 23:07:34.67437+02','Rides join all sql conditional',NULL,'line','{"database":2,"type":"native","native":{"template-tags":{"rideable_type":{"type":"dimension","name":"rideable_type","id":"4648049a-f496-4ce9-b3ce-9eadb38ea8a3","display-name":"Rideable Type","default":null,"dimension":["field",73,{"base-type":"type/Text"}],"widget-type":"string/=","options":null},"rent_type":{"type":"dimension","name":"rent_type","id":"85fdbe8d-fbae-4e83-8fe1-c0bac175602b","display-name":"Rent Type","default":null,"dimension":["field",104,{"base-type":"type/Text"}],"widget-type":"string/=","options":null}},"query":"SELECT\n*\nFROM \"dwh_core\".\"fct_rides\"\nLEFT JOIN \"dwh_core\".\"dim_started_at_date\" ON \"dwh_core\".\"fct_rides\".\"started_at_date_fk\" = \"dwh_core\".\"dim_started_at_date\".\"id\"\n[[LEFT JOIN \"dwh_core\".\"dim_rideable_type\" ON \"dwh_core\".\"fct_rides\".\"rideable_type_fk\" = \"dwh_core\".\"dim_rideable_type\".\"id\" AND {{rideable_type}}]]\n[[LEFT JOIN \"dwh_core\".\"dim_rent_type\" ON \"dwh_core\".\"fct_rides\".\"rent_type_fk\" = \"dwh_core\".\"dim_rent_type\".\"id\" AND {{rent_type}}]]\nWHERE 1=1\n[[AND {{rideable_type}}]]\n[[AND {{rent_type}}]]\n;"}}','{"table.pivot_column":"year","table.cell_column":"rideable_type_fk","graph.dimensions":["date_day"],"graph.metrics":["count"]}',1,2,NULL,'native',false,2,NULL,NULL,false,NULL,NULL,'[{"display_name":"ride_id","field_ref":["field","ride_id",{"base-type":"type/Text"}],"name":"ride_id","base_type":"type/Text","effective_type":"type/Text","semantic_type":null,"fingerprint":{"global":{"distinct-count":1999,"nil%":0.0},"type":{"type/Text":{"percent-json":0.0,"percent-url":0.0,"percent-email":0.0,"percent-state":0.0,"average-length":16.0}}}},{"display_name":"rideable_type_fk","field_ref":["field","rideable_type_fk",{"base-type":"type/BigInteger"}],"name":"rideable_type_fk","base_type":"type/BigInteger","effective_type":"type/BigInteger","semantic_type":null,"fingerprint":{"global":{"distinct-count":3,"nil%":0.0},"type":{"type/Number":{"min":1.0,"q1":1.0,"q3":2.7604693062943593,"max":3.0,"sd":0.9443950132071247,"avg":1.742}}}},{"display_name":"started_at_date_fk","field_ref":["field","started_at_date_fk",{"base-type":"type/Integer"}],"name":"started_at_date_fk","base_type":"type/Integer","effective_type":"type/Integer","semantic_type":null,"fingerprint":{"global":{"distinct-count":2,"nil%":0.0},"type":{"type/Number":{"min":2.0210101E7,"q1":2.0210101E7,"q3":2.0210101964186426E7,"max":2.0210102E7,"sd":0.4990012536312537,"avg":2.02101014665E7}}}},{"display_name":"ended_at_date_fk","field_ref":["field","ended_at_date_fk",{"base-type":"type/Integer"}],"name":"ended_at_date_fk","base_type":"type/Integer","effective_type":"type/Integer","semantic_type":null,"fingerprint":{"global":{"distinct-count":2,"nil%":0.0},"type":{"type/Number":{"min":2.0210101E7,"q1":2.0210101E7,"q3":2.0210101966457717E7,"max":2.0210102E7,"sd":0.4991315619734731,"avg":2.02101014685E7}}}},{"display_name":"started_at_time_of_day_fk","field_ref":["field","started_at_time_of_day_fk",{"base-type":"type/Integer"}],"name":"started_at_time_of_day_fk","base_type":"type/Integer","effective_type":"type/Integer","semantic_type":null,"fingerprint":{"global":{"distinct-count":24,"nil%":0.0},"type":{"type/Number":{"min":0.0,"q1":8.53359893863698,"q3":15.975391635826611,"max":23.0,"sd":5.337211131417855,"avg":12.1045}}}},{"display_name":"ended_at_time_of_day_fk","field_ref":["field","ended_at_time_of_day_fk",{"base-type":"type/Integer"}],"name":"ended_at_time_of_day_fk","base_type":"type/Integer","effective_type":"type/Integer","semantic_type":null,"fingerprint":{"global":{"distinct-count":24,"nil%":0.0},"type":{"type/Number":{"min":0.0,"q1":8.707535720825582,"q3":16.148833265128083,"max":23.0,"sd":5.338124721076578,"avg":12.3165}}}},{"display_name":"started_at_datetime","field_ref":["field","started_at_datetime",{"base-type":"type/DateTime"}],"name":"started_at_datetime","base_type":"type/DateTime","effective_type":"type/DateTime","semantic_type":"type/CreationTimestamp","fingerprint":{"global":{"distinct-count":1978,"nil%":0.0},"type":{"type/DateTime":{"earliest":"2021-01-01T00:02:05Z","latest":"2021-01-02T20:53:47Z"}}}},{"display_name":"ended_at_datetime","field_ref":["field","ended_at_datetime",{"base-type":"type/DateTime"}],"name":"ended_at_datetime","base_type":"type/DateTime","effective_type":"type/DateTime","semantic_type":null,"fingerprint":{"global":{"distinct-count":1965,"nil%":0.0},"type":{"type/DateTime":{"earliest":"2021-01-01T00:08:39Z","latest":"2021-01-02T20:59:41Z"}}}},{"display_name":"duration_in_seconds","field_ref":["field","duration_in_seconds",{"base-type":"type/Float"}],"name":"duration_in_seconds","base_type":"type/Float","effective_type":"type/Float","semantic_type":"type/Duration","fingerprint":{"global":{"distinct-count":1191,"nil%":0.0},"type":{"type/Number":{"min":2.0,"q1":354.891582922676,"q3":1068.0858826418585,"max":87441.0,"sd":2611.0653869041394,"avg":989.398}}}},{"display_name":"start_station_fk","field_ref":["field","start_station_fk",{"base-type":"type/Text"}],"name":"start_station_fk","base_type":"type/Text","effective_type":"type/Text","semantic_type":null,"fingerprint":{"global":{"distinct-count":419,"nil%":0.0},"type":{"type/Text":{"percent-json":0.0,"percent-url":0.0,"percent-email":0.0,"percent-state":0.0,"average-length":29.06}}}},{"display_name":"end_station_fk","field_ref":["field","end_station_fk",{"base-type":"type/Text"}],"name":"end_station_fk","base_type":"type/Text","effective_type":"type/Text","semantic_type":null,"fingerprint":{"global":{"distinct-count":397,"nil%":0.0},"type":{"type/Text":{"percent-json":0.0,"percent-url":0.0,"percent-email":0.0,"percent-state":0.0,"average-length":28.34}}}},{"display_name":"start_lat","field_ref":["field","start_lat",{"base-type":"type/Float"}],"name":"start_lat","base_type":"type/Float","effective_type":"type/Float","semantic_type":"type/Latitude","fingerprint":{"global":{"distinct-count":902,"nil%":0.0},"type":{"type/Number":{"min":41.719712,"q1":41.883390958851635,"q3":41.93395083531188,"max":42.058239,"sd":0.04607536340899003,"avg":41.90511693189081}}}},{"display_name":"start_lng","field_ref":["field","start_lng",{"base-type":"type/Float"}],"name":"start_lng","base_type":"type/Float","effective_type":"type/Float","semantic_type":"type/Longitude","fingerprint":{"global":{"distinct-count":894,"nil%":0.0},"type":{"type/Number":{"min":-87.7649475,"q1":-87.66402239124123,"q3":-87.63029807023047,"max":-87.55,"sd":0.02803792420791262,"avg":-87.64835772085138}}}},{"display_name":"end_lat","field_ref":["field","end_lat",{"base-type":"type/Float"}],"name":"end_lat","base_type":"type/Float","effective_type":"type/Float","semantic_type":"type/Latitude","fingerprint":{"global":{"distinct-count":866,"nil%":0.001},"type":{"type/Number":{"min":41.71,"q1":41.883436250343806,"q3":41.93320154731565,"max":42.058239,"sd":0.046362728761920206,"avg":41.9049970783861}}}},{"display_name":"end_lng","field_ref":["field","end_lng",{"base-type":"type/Float"}],"name":"end_lng","base_type":"type/Float","effective_type":"type/Float","semantic_type":"type/Longitude","fingerprint":{"global":{"distinct-count":856,"nil%":0.001},"type":{"type/Number":{"min":-87.764902,"q1":-87.6637537375906,"q3":-87.63017668264852,"max":-87.54,"sd":0.02781411187461123,"avg":-87.64824420531441}}}},{"display_name":"rent_type_fk","field_ref":["field","rent_type_fk",{"base-type":"type/BigInteger"}],"name":"rent_type_fk","base_type":"type/BigInteger","effective_type":"type/BigInteger","semantic_type":null,"fingerprint":{"global":{"distinct-count":2,"nil%":0.0},"type":{"type/Number":{"min":1.0,"q1":1.37277776785294,"q3":2.0,"max":2.0,"sd":0.4307862444347511,"avg":1.754}}}},{"display_name":"id","field_ref":["field","id",{"base-type":"type/Integer"}],"name":"id","base_type":"type/Integer","effective_type":"type/Integer","semantic_type":"type/PK","fingerprint":null},{"display_name":"date_day","field_ref":["field","date_day",{"base-type":"type/Date"}],"name":"date_day","base_type":"type/Date","effective_type":"type/Date","semantic_type":null,"fingerprint":{"global":{"distinct-count":2,"nil%":0.0},"type":{"type/DateTime":{"earliest":"2021-01-01T00:00:00Z","latest":"2021-01-02T00:00:00Z"}}}},{"display_name":"year","field_ref":["field","year",{"base-type":"type/Integer"}],"name":"year","base_type":"type/Integer","effective_type":"type/Integer","semantic_type":null,"fingerprint":{"global":{"distinct-count":1,"nil%":0.0},"type":{"type/Number":{"min":2021.0,"q1":2021.0,"q3":2021.0,"max":2021.0,"sd":0.0,"avg":2021.0}}}},{"display_name":"month","field_ref":["field","month",{"base-type":"type/Integer"}],"name":"month","base_type":"type/Integer","effective_type":"type/Integer","semantic_type":null,"fingerprint":{"global":{"distinct-count":1,"nil%":0.0},"type":{"type/Number":{"min":1.0,"q1":1.0,"q3":1.0,"max":1.0,"sd":0.0,"avg":1.0}}}},{"display_name":"day","field_ref":["field","day",{"base-type":"type/Integer"}],"name":"day","base_type":"type/Integer","effective_type":"type/Integer","semantic_type":null,"fingerprint":{"global":{"distinct-count":2,"nil%":0.0},"type":{"type/Number":{"min":1.0,"q1":1.0,"q3":1.9641864255217931,"max":2.0,"sd":0.4990012536312537,"avg":1.4665}}}},{"display_name":"quarter","field_ref":["field","quarter",{"base-type":"type/Integer"}],"name":"quarter","base_type":"type/Integer","effective_type":"type/Integer","semantic_type":null,"fingerprint":{"global":{"distinct-count":1,"nil%":0.0},"type":{"type/Number":{"min":1.0,"q1":1.0,"q3":1.0,"max":1.0,"sd":0.0,"avg":1.0}}}},{"display_name":"weekday_iso","field_ref":["field","weekday_iso",{"base-type":"type/Integer"}],"name":"weekday_iso","base_type":"type/Integer","effective_type":"type/Integer","semantic_type":null,"fingerprint":{"global":{"distinct-count":2,"nil%":0.0},"type":{"type/Number":{"min":5.0,"q1":5.0,"q3":5.964186425521794,"max":6.0,"sd":0.4990012536312537,"avg":5.4665}}}},{"display_name":"weekday_name","field_ref":["field","weekday_name",{"base-type":"type/Text"}],"name":"weekday_name","base_type":"type/Text","effective_type":"type/Text","semantic_type":null,"fingerprint":{"global":{"distinct-count":2,"nil%":0.0},"type":{"type/Text":{"percent-json":0.0,"percent-url":0.0,"percent-email":0.0,"percent-state":0.0,"average-length":6.933}}}},{"display_name":"month_name","field_ref":["field","month_name",{"base-type":"type/Text"}],"name":"month_name","base_type":"type/Text","effective_type":"type/Text","semantic_type":null,"fingerprint":{"global":{"distinct-count":1,"nil%":0.0},"type":{"type/Text":{"percent-json":0.0,"percent-url":0.0,"percent-email":0.0,"percent-state":0.0,"average-length":7.0}}}},{"display_name":"weekday_indicator","field_ref":["field","weekday_indicator",{"base-type":"type/Text"}],"name":"weekday_indicator","base_type":"type/Text","effective_type":"type/Text","semantic_type":null,"fingerprint":{"global":{"distinct-count":2,"nil%":0.0},"type":{"type/Text":{"percent-json":0.0,"percent-url":0.0,"percent-email":0.0,"percent-state":0.0,"average-length":7.0}}}},{"display_name":"week_of_year","field_ref":["field","week_of_year",{"base-type":"type/Integer"}],"name":"week_of_year","base_type":"type/Integer","effective_type":"type/Integer","semantic_type":null,"fingerprint":{"global":{"distinct-count":1,"nil%":0.0},"type":{"type/Number":{"min":53.0,"q1":53.0,"q3":53.0,"max":53.0,"sd":0.0,"avg":53.0}}}}]',NULL,false,'pTL60etqHF-mSBOEl8hOC','[{"id":"4648049a-f496-4ce9-b3ce-9eadb38ea8a3","type":"string/=","target":["dimension",["template-tag","rideable_type"]],"name":"Rideable Type","slug":"rideable_type"},{"id":"85fdbe8d-fbae-4e83-8fe1-c0bac175602b","type":"string/=","target":["dimension",["template-tag","rent_type"]],"name":"Rent Type","slug":"rent_type"}]','[]',true,'v0.49.3 (dba0992)','question',NULL),
	 (15,'2024-08-03 22:39:55.924629+02','2024-08-03 23:11:40.089928+02','Number of rides over time (conditional)',NULL,'line','{"database":2,"type":"native","native":{"template-tags":{"rideable_type":{"type":"dimension","name":"rideable_type","id":"4e9554c8-9cbb-4012-bf0d-b99199970522","display-name":"Rideable Type","default":null,"dimension":["field",73,{"base-type":"type/Text"}],"widget-type":"string/=","options":null},"rent_type":{"type":"dimension","name":"rent_type","id":"e9a3918b-4c91-4ce8-bccb-71c6b4840a71","display-name":"Rent Type","default":null,"dimension":["field",104,{"base-type":"type/Text"}],"widget-type":"string/=","options":null}},"collection":"Rides join all sql conditional","query":"SELECT\n  CAST(\"source\".\"date_day\" AS date) AS \"date_day\",\n  COUNT(*) AS \"count\"\nFROM\n  (\n    SELECT\n      *\n    FROM\n      \"dwh_core\".\"fct_rides\"\n     \nLEFT JOIN \"dwh_core\".\"dim_started_at_date\" ON \"dwh_core\".\"fct_rides\".\"started_at_date_fk\" = \"dwh_core\".\"dim_started_at_date\".\"id\"\n[[LEFT JOIN \"dwh_core\".\"dim_rideable_type\" ON \"dwh_core\".\"fct_rides\".\"rideable_type_fk\" = \"dwh_core\".\"dim_rideable_type\".\"id\" AND {{rideable_type}}]]\n[[LEFT JOIN \"dwh_core\".\"dim_rent_type\" ON \"dwh_core\".\"fct_rides\".\"rent_type_fk\" = \"dwh_core\".\"dim_rent_type\".\"id\" AND {{rent_type}}]]\n   \nWHERE\n      1 = 1\n      [[AND {{rideable_type}}]]\n[[AND {{rent_type}}]]\n  ) AS \"source\"\nGROUP BY\n  CAST(\"source\".\"date_day\" AS date)\nORDER BY\n  CAST(\"source\".\"date_day\" AS date) ASC"}}','{"graph.dimensions":["date_day"],"graph.metrics":["count"]}',1,2,NULL,'native',false,2,NULL,NULL,false,NULL,NULL,'[{"display_name":"date_day","field_ref":["field","date_day",{"base-type":"type/Date"}],"name":"date_day","base_type":"type/Date","effective_type":"type/Date","semantic_type":null,"fingerprint":{"global":{"distinct-count":59,"nil%":0.0},"type":{"type/DateTime":{"earliest":"2021-01-01T00:00:00Z","latest":"2021-02-28T00:00:00Z"}}}},{"display_name":"count","field_ref":["field","count",{"base-type":"type/BigInteger"}],"name":"count","base_type":"type/BigInteger","effective_type":"type/BigInteger","semantic_type":"type/Quantity","fingerprint":{"global":{"distinct-count":59,"nil%":0.0},"type":{"type/Number":{"min":284.0,"q1":1250.25,"q3":3404.5,"max":7287.0,"sd":1411.2831341533715,"avg":2482.135593220339}}}}]',NULL,false,'zZOYI9008ik2bAKcq7Xh1','[{"id":"4e9554c8-9cbb-4012-bf0d-b99199970522","type":"string/=","target":["dimension",["template-tag","rideable_type"]],"name":"Rideable Type","slug":"rideable_type"},{"id":"e9a3918b-4c91-4ce8-bccb-71c6b4840a71","type":"string/=","target":["dimension",["template-tag","rent_type"]],"name":"Rent Type","slug":"rent_type"}]','[]',true,'v0.49.3 (dba0992)','question',NULL);
INSERT INTO dashboard_tab (id,dashboard_id,"name","position",entity_id,created_at,updated_at) VALUES
	 (1,1,'Number of rides',0,'OTAPfmM6S53TRxXfZqP0n','2024-06-19 04:00:18.634257+02','2024-06-19 04:00:18.634257+02'),
	 (2,1,'On map',1,'cKpR87SSadLJR8AjlC45q','2024-06-19 04:00:18.634257+02','2024-06-19 04:00:18.634257+02');
INSERT INTO report_dashboardcard (id,created_at,updated_at,size_x,size_y,"row",col,card_id,dashboard_id,parameter_mappings,visualization_settings,entity_id,action_id,dashboard_tab_id) VALUES
	 (3,'2024-06-19 04:00:18.634257+02','2024-06-20 04:22:47.50866+02',12,6,19,12,3,1,'[{"parameter_id":"7765c9f6","card_id":3,"target":["dimension",["field",73,{"base-type":"type/Text"}]]},{"parameter_id":"6c2128a1","card_id":3,"target":["dimension",["field",104,{"base-type":"type/Text"}]]},{"parameter_id":"3251aba3","card_id":3,"target":["dimension",["field",114,{"base-type":"type/Integer","source-field":87}]]},{"parameter_id":"5fe50bd6","card_id":3,"target":["dimension",["field",121,{"base-type":"type/Text","source-field":87}]]},{"parameter_id":"4d4be406","card_id":3,"target":["dimension",["field",113,{"base-type":"type/Text","source-field":87}]]},{"parameter_id":"393d44fc","card_id":3,"target":["dimension",["field",135,{"base-type":"type/Text","source-field":90}]]},{"parameter_id":"540d0a18","card_id":3,"target":["dimension",["field",109,{"base-type":"type/Text"}]]},{"parameter_id":"f2fc4c7b","card_id":3,"target":["dimension",["field",106,{"base-type":"type/Text"}]]}]','{}','QrlVkrbLe1h1IsoSRK4_y',NULL,1),
	 (6,'2024-06-19 04:00:18.634257+02','2024-06-20 04:27:45.791555+02',12,12,0,0,6,1,'[{"parameter_id":"7765c9f6","card_id":6,"target":["dimension",["field",73,{"base-type":"type/Text"}]]},{"parameter_id":"6c2128a1","card_id":6,"target":["dimension",["field",104,{"base-type":"type/Text"}]]},{"parameter_id":"3251aba3","card_id":6,"target":["dimension",["field",114,{"base-type":"type/Integer","source-field":87}]]},{"parameter_id":"5fe50bd6","card_id":6,"target":["dimension",["field",121,{"base-type":"type/Text","source-field":87}]]},{"parameter_id":"4d4be406","card_id":6,"target":["dimension",["field",113,{"base-type":"type/Text","source-field":87}]]},{"parameter_id":"393d44fc","card_id":6,"target":["dimension",["field",135,{"base-type":"type/Text","source-field":90}]]},{"parameter_id":"540d0a18","card_id":6,"target":["dimension",["field",109,{"base-type":"type/Text","source-field":98}]]},{"parameter_id":"f2fc4c7b","card_id":6,"target":["dimension",["field",106,{"base-type":"type/Text","source-field":99}]]}]','{}','vhOhrtu0OCXvlAuw5tep-',NULL,2),
	 (4,'2024-06-19 04:00:18.634257+02','2024-06-20 04:22:47.50866+02',12,6,7,12,2,1,'[{"parameter_id":"7765c9f6","card_id":2,"target":["dimension",["field",73,{"base-type":"type/Text"}]]},{"parameter_id":"6c2128a1","card_id":2,"target":["dimension",["field",104,{"base-type":"type/Text"}]]},{"parameter_id":"3251aba3","card_id":2,"target":["dimension",["field",114,{"base-type":"type/Integer","source-field":87}]]},{"parameter_id":"5fe50bd6","card_id":2,"target":["dimension",["field",121,{"base-type":"type/Text","source-field":87}]]},{"parameter_id":"4d4be406","card_id":2,"target":["dimension",["field",113,{"base-type":"type/Text","source-field":87}]]},{"parameter_id":"393d44fc","card_id":2,"target":["dimension",["field",135,{"base-type":"type/Text","source-field":90}]]},{"parameter_id":"540d0a18","card_id":2,"target":["dimension",["field",109,{"base-type":"type/Text"}]]},{"parameter_id":"f2fc4c7b","card_id":2,"target":["dimension",["field",106,{"base-type":"type/Text"}]]}]','{}','uwsmWGaHtdpngrqVHlGmG',NULL,1),
	 (7,'2024-06-19 04:00:18.634257+02','2024-06-20 04:27:45.791555+02',12,12,0,12,8,1,'[{"parameter_id":"7765c9f6","card_id":8,"target":["dimension",["field",73,{"base-type":"type/Text"}]]},{"parameter_id":"6c2128a1","card_id":8,"target":["dimension",["field",104,{"base-type":"type/Text"}]]},{"parameter_id":"3251aba3","card_id":8,"target":["dimension",["field",114,{"base-type":"type/Integer","source-field":87}]]},{"parameter_id":"5fe50bd6","card_id":8,"target":["dimension",["field",121,{"base-type":"type/Text","source-field":87}]]},{"parameter_id":"4d4be406","card_id":8,"target":["dimension",["field",113,{"base-type":"type/Text","source-field":87}]]},{"parameter_id":"393d44fc","card_id":8,"target":["dimension",["field",135,{"base-type":"type/Text","source-field":90}]]},{"parameter_id":"540d0a18","card_id":8,"target":["dimension",["field",109,{"base-type":"type/Text"}]]},{"parameter_id":"f2fc4c7b","card_id":8,"target":["dimension",["field",106,{"base-type":"type/Text"}]]}]','{}','9xwPRz9uhh8pJa2ZEGNCp',NULL,2),
	 (2,'2024-06-19 04:00:18.634257+02','2024-06-20 04:22:47.50866+02',12,6,19,0,7,1,'[{"parameter_id":"7765c9f6","card_id":7,"target":["dimension",["field",73,{"base-type":"type/Text"}]]},{"parameter_id":"6c2128a1","card_id":7,"target":["dimension",["field",104,{"base-type":"type/Text"}]]},{"parameter_id":"3251aba3","card_id":7,"target":["dimension",["field",114,{"base-type":"type/Integer","source-field":87}]]},{"parameter_id":"5fe50bd6","card_id":7,"target":["dimension",["field",121,{"base-type":"type/Text","source-field":87}]]},{"parameter_id":"4d4be406","card_id":7,"target":["dimension",["field",113,{"base-type":"type/Text","source-field":87}]]},{"parameter_id":"393d44fc","card_id":7,"target":["dimension",["field",135,{"base-type":"type/Text","source-field":90}]]},{"parameter_id":"540d0a18","card_id":7,"target":["dimension",["field",109,{"base-type":"type/Text"}]]},{"parameter_id":"f2fc4c7b","card_id":7,"target":["dimension",["field",106,{"base-type":"type/Text"}]]}]','{}','DVfnaomdg3fJe5Oi_lq7b',NULL,1),
	 (1,'2024-06-19 04:00:18.634257+02','2024-06-20 04:22:47.50866+02',24,7,0,0,1,1,'[{"parameter_id":"7765c9f6","card_id":1,"target":["dimension",["field",73,{"base-type":"type/Text","source-field":85}]]},{"parameter_id":"6c2128a1","card_id":1,"target":["dimension",["field",104,{"base-type":"type/Text","source-field":97}]]},{"parameter_id":"3251aba3","card_id":1,"target":["dimension",["field",114,{"base-type":"type/Integer","source-field":87}]]},{"parameter_id":"5fe50bd6","card_id":1,"target":["dimension",["field",121,{"base-type":"type/Text","source-field":87}]]},{"parameter_id":"4d4be406","card_id":1,"target":["dimension",["field",113,{"base-type":"type/Text","source-field":87}]]},{"parameter_id":"393d44fc","card_id":1,"target":["dimension",["field",135,{"base-type":"type/Text","source-field":90}]]},{"parameter_id":"540d0a18","card_id":1,"target":["dimension",["field",109,{"base-type":"type/Text","source-field":98}]]},{"parameter_id":"f2fc4c7b","card_id":1,"target":["dimension",["field",106,{"base-type":"type/Text","source-field":99}]]}]','{}','gO63kOM6KArgSNh9OKdqE',NULL,1),
	 (5,'2024-06-19 04:00:18.634257+02','2024-06-20 04:22:47.50866+02',12,6,13,12,4,1,'[{"parameter_id":"7765c9f6","card_id":4,"target":["dimension",["field",73,{"base-type":"type/Text"}]]},{"parameter_id":"6c2128a1","card_id":4,"target":["dimension",["field",104,{"base-type":"type/Text"}]]},{"parameter_id":"3251aba3","card_id":4,"target":["dimension",["field",114,{"base-type":"type/Integer","source-field":87}]]},{"parameter_id":"5fe50bd6","card_id":4,"target":["dimension",["field",121,{"base-type":"type/Text","source-field":87}]]},{"parameter_id":"4d4be406","card_id":4,"target":["dimension",["field",113,{"base-type":"type/Text","source-field":87}]]},{"parameter_id":"393d44fc","card_id":4,"target":["dimension",["field",135,{"base-type":"type/Text","source-field":90}]]},{"parameter_id":"540d0a18","card_id":4,"target":["dimension",["field",109,{"base-type":"type/Text"}]]},{"parameter_id":"f2fc4c7b","card_id":4,"target":["dimension",["field",106,{"base-type":"type/Text"}]]}]','{}','ofQXUzb0UMVTojhkYKQEP',NULL,1),
	 (8,'2024-06-19 13:19:30.49244+02','2024-06-20 04:22:47.50866+02',12,6,7,0,10,1,'[{"parameter_id":"7765c9f6","card_id":10,"target":["dimension",["field",73,{"base-type":"type/Text"}]]},{"parameter_id":"6c2128a1","card_id":10,"target":["dimension",["field",104,{"base-type":"type/Text"}]]},{"parameter_id":"3251aba3","card_id":10,"target":["dimension",["field",114,{"base-type":"type/Integer","source-field":87}]]},{"parameter_id":"5fe50bd6","card_id":10,"target":["dimension",["field",121,{"base-type":"type/Text","source-field":87}]]},{"parameter_id":"4d4be406","card_id":10,"target":["dimension",["field",113,{"base-type":"type/Text","source-field":87}]]},{"parameter_id":"393d44fc","card_id":10,"target":["dimension",["field",135,{"base-type":"type/Text","source-field":90}]]},{"parameter_id":"540d0a18","card_id":10,"target":["dimension",["field",109,{"base-type":"type/Text"}]]},{"parameter_id":"f2fc4c7b","card_id":10,"target":["dimension",["field",106,{"base-type":"type/Text"}]]}]','{}','5VYJsEW2RHuVG7wwA_5u3',NULL,1),
	 (9,'2024-06-19 13:26:41.621166+02','2024-06-20 04:22:47.50866+02',12,6,13,0,11,1,'[{"parameter_id":"7765c9f6","card_id":11,"target":["dimension",["field",73,{"base-type":"type/Text"}]]},{"parameter_id":"6c2128a1","card_id":11,"target":["dimension",["field",104,{"base-type":"type/Text"}]]},{"parameter_id":"3251aba3","card_id":11,"target":["dimension",["field",114,{"base-type":"type/Integer","source-field":87}]]},{"parameter_id":"5fe50bd6","card_id":11,"target":["dimension",["field",121,{"base-type":"type/Text","source-field":87}]]},{"parameter_id":"4d4be406","card_id":11,"target":["dimension",["field",113,{"base-type":"type/Text","source-field":87}]]},{"parameter_id":"393d44fc","card_id":11,"target":["dimension",["field",135,{"base-type":"type/Text","source-field":90}]]},{"parameter_id":"540d0a18","card_id":11,"target":["dimension",["field",109,{"base-type":"type/Text"}]]},{"parameter_id":"f2fc4c7b","card_id":11,"target":["dimension",["field",106,{"base-type":"type/Text"}]]}]','{}','knQzU_S1XEmEi2InpcoNu',NULL,1),
	 (10,'2024-08-03 22:40:28.854112+02','2024-08-03 23:10:46.575823+02',24,7,0,0,15,2,'[{"parameter_id":"b9f5e5b","card_id":15,"target":["dimension",["template-tag","rent_type"]]},{"parameter_id":"831d44db","card_id":15,"target":["dimension",["template-tag","rideable_type"]]}]','{}','3LHeHUtoJYU0-wB7g8l74',NULL,NULL);
